["Paris","Marseille","Lyon","Toulouse","Nice","Nantes","Marne La Vallée","Strasbourg","Bordeaux","Montpellier","Lille","Rennes","Reims","Le Havre","Cergy-Pontoise","Paris 13e Arrondissement","Saint-Étienne","Toulon","Angers","Dijon","Grenoble","Nîmes","Clermont-Ferrand","Aix-en-Provence","Saint-Quentin-en-Yvelines","Brest","Le Mans","Paris 11e Arrondissement","Amiens","Tours","Limoges","Paris 12e Arrondissement","Villeurbanne","Besançon","Metz","Orléans","Rouen","Mulhouse","Montreuil","Perpignan","Caen","Boulogne-Billancourt","Nancy","Lyon 03","Argenteuil","Roubaix","Tourcoing","Saint-Denis","Avignon","Marseille 13","Asnières-sur-Seine","Nanterre","Lyon 08","Poitiers","Versailles","Courbevoie","Créteil","Paris 10e Arrondissement","Pau","Lyon 07","Colombes","Vitry-sur-Seine","Aulnay-sous-Bois","Marseille 08","Marseille 15","Marseille 09","La Rochelle","Champigny-sur-Marne","Rueil-Malmaison","Antibes","Gare","Saint-Maur-des-Fossés","Cannes","Calais","Béziers","Dunkerque","Aubervilliers","Mérignac","Bourges","Saint-Nazaire","Colmar","Maison Blanche","Valence","Quimper","Drancy","Noisy-le-Grand","Villeneuve-d'Ascq","La Seyne-sur-Mer","Levallois-Perret","Marseille 14","Picpus","Chambéry","Issy-les-Moulineaux","Neuilly-sur-Seine","Troyes","Antony","La Roche-sur-Yon","Marseille 12","Lorient","Sarcelles","Pessac","Ivry-sur-Seine","Évreux","Vénissieux","Cergy","Clichy","Marseille 11","Saint-Quentin","Niort","Belfort","Ajaccio","Vannes","Sartrouville","Maisons-Alfort","Meaux","Blois","Brive-la-Gaillarde","Arles","Beauvais","Châteauroux","Cholet","Fréjus","Pantin","Lyon 06","Saint-Brieuc","Montauban","Charleville-Mézières","Albi","Tarbes","Fontenay-sous-Bois","Lyon 09","Évry","Clamart","Marseille 10","Châlons-en-Champagne","Narbonne","Saint-Malo","Laval","Hyères","Lyon 05","Carcassonne","Angoulême","Annecy","Bondy","Le Blanc-Mesnil","Villejuif","Grasse","Sevran","Castres","Chalon-sur-Saône","Marseille 04","Arras","Boulogne-sur-Mer","Chelles","Cagnes-sur-Mer","Saint-Herblain","Douai","Épinay-sur-Seine","Vincennes","Roquette","Martigues","Marseille 03","Bourg-en-Bresse","Bobigny","Montluçon","Aubagne","Valenciennes","Suresnes","Meudon","Marseille 05","Bayonne","Istres","Thionville","Mantes-la-Jolie","Compiègne","Nevers","Chartres","Marseille 06","Le Cannet","Wattrelos","Caluire-et-Cuire","Gap","Talence","Alès","Gennevilliers","Saint-Priest","Rosny-sous-Bois","Auxerre","Salon-de-Provence","Saint-Germain-en-Laye","Bastia","Marseille 01","Sète","Anglet","Puteaux","Corbeil-Essonnes","Garges-lès-Gonesse","Roanne","Savigny-sur-Orge","Livry-Gargan"]