["Rome","Milan","Naples","Turin","Palermo","Genoa","Bologna","Florence","Bari","Catania","Verona","Messina","Trieste","Padova","Brescia","Taranto","Parma","Prato","Modena","Reggio Calabria","Quarto Oggiaro","Reggio nell'Emilia","Livorno","Cagliari","Rimini","Mestre","Foggia","Ferrara","Acilia-Castel Fusano-Ostia Antica","Salerno","Monza","Siracusa","Bergamo","Trento","Perugia","Pescara","Forlì","Vicenza","Terni","Pisa","Bolzano","Piacenza","Novara","Arezzo","Udine","Andria","Cesena","La Spezia","Barletta","Alessandria","Sassari","Ancona","Brindisi","Treviso","Torre del Greco","Lido di Ostia","Como","Busto Arsizio","Sesto San Giovanni","Lucca","Pozzuoli","Ravenna","Lecce","Varese","Giugliano in Campania","Catanzaro","Marsala","Pesaro","Fuorigrotta","Latina","Cinisello Balsamo","Gela","Aprilia","Asti","Ragusa","Casoria","Pistoia","Caserta","Cremona","Carpi Centro","Altamura","Lamezia Terme","Imola","San Carlo All'Arena","Arenella","Trapani","Guidonia Montecelio","Quartu Sant'Elena","Castellammare di Stabia","Pavia","Massa","Crotone","Afragola","Cosenza","Caltanissetta","Viareggio","Savona","Fano","Grosseto","Matera","Olbia","Acerra","Molfetta","Carrara","Benevento","Vigevano","Pianura","Legnano","Manfredonia","Foligno","Potenza","Moncalieri","Cuneo","Bisceglie","Pozzo Strada","Modica","Teramo","Cerignola","Trani","Siena","Portici","Ercolano","Bagheria","Cava Dè Tirreni","Aversa","Velletri","Ponticelli","San Severo","Bitonto","Mazara del Vallo","Venice","Vittoria","Gallarate","Barriera di Milano","Rovigo","Barriera di Lanzo","Marano di Napoli","Pordenone","Nettuno","Acireale","Campobasso","Scafati","Rivoli","Avellino","San Lorenzo","Nichelino","Civitavecchia","Settimo Torinese","Viterbo","Battipaglia","Rho","Sanremo","Parella","Lecco","Collegno","Corato","Paderno Dugnano","Paternò","Montesilvano Marina","Vercelli","San Benedetto del Tronto","Casalnuovo di Napoli","Cologno Monzese","Sesto Fiorentino","Nocera Inferiore","Misterbianco","San Giorgio a Cremano","Anzio","Soccavo","Monte Rosello","Scandicci","Vomero","Frosinone","Chieti","Alcamo","Marino","Arcella","Torre Annunziata","Biella","Secondigliano","Seregno","Imperia","Civitanova Marche","Gravina in Puglia","Desio","Chioggia","San Donà di Piave","Ascoli Piceno","Faenza","Vasto","Mirafiori Nord","Capannori","Merano","Lodi","Sciacca","Cascina","Marcianise","Nicastro","Cantù","Fondi"]