{"AE":["Dubai","Abu Dhabi","Sharjah","Al Ain City","Ajman","Dayrah","Ras Al Khaimah","Musaffah","Jebel Ali","Business Bay","Dubai Investments Park","International City","Dubai Marina","Fujairah","Al Majaz","Warīsān","Dubai Silicon Oasis","Ar Rumaylah","Khalifah A City","Mohammed Bin Zayed City","Hawr al ‘Anz","Reef Al Fujairah City","Bani Yas City","Dubai Festival City","Al Karama","Zayed City","Al Shamkhah City","Mirdif","Al Warqaa","Umm Al Quwain City","Al Sajaah","Lahbab","Nāyf","Ţarīf Kalbā","Al Muteena","Al Qusais 1","Mankhūl","As Saţwah","Khawr Fakkān","Jumayrā","Ar Rāshidīyah","Kalbā","Dubai International Financial Centre","Dibba Al-Fujairah","Al Ḩamīdīyah","Dibba Al-Hisn","Al Furjan","The Palm Jumeirah","Ar Ruways","Dubai Internet City","Al Waheda","Adh Dhayd","Al Murar al Qadīm","Halwan","Al Bada'a","Bur Dubai","Abū Hayl","Al Jurf","Al Mizhar First","Umm Suqaym","Al Safa","Ḩattā"],"AR":["Buenos Aires","Córdoba","Rosario","Mar del Plata","San Miguel de Tucumán","Salta","Santa Fe","Corrientes","Posadas","Bahía Blanca","Resistencia","Merlo","Quilmes","San Salvador de Jujuy","Santiago del Estero","Paraná","Neuquén","José C. Paz","Formosa","La Plata","Berazategui","La Rioja","San Luis","San Miguel","Ituzaingó","Catamarca","Río Cuarto","Balvanera","Concordia","Comodoro Rivadavia","Belgrano","San Nicolás de los Arroyos","San Rafael","Tandil","Mendoza","Villa Lugano","Lomas de Zamora","San Juan","Castelar","San Justo","Santa Rosa","Morón","Zárate","Trelew","Luján","Villa Mercedes","Río Gallegos","San Carlos de Bariloche","Villa María","Pergamino","Reconquista","Olavarría","Rafaela","Junín","Campana","San Martín","Presidencia Roque Sáenz Peña","Pilar","Bella Vista","Gualeguaychú","Barracas","Cipolletti","Gobernador Gálvez","San Ramón de la Nueva Orán","Chimbas","Necochea","General Roca","Venado Tuerto","Don Torcuato","Goya","Villa Carlos Paz","Concepción del Uruguay","Puerto Madryn","Mercedes","Tartagal","Hurlingham","Santo Tomé","San Francisco","El Palomar","San Pedro de Jujuy","Colón","Punta Alta","General Pico","Colegiales","Ushuaia","Oberá","Chivilcoy","Puerto Eldorado","Azul","Río Tercero","Los Polvorines","Río Grande","Barranqueras","Yerba Buena","Libertador General San Martín","Viedma","Tafí Viejo","Boedo","Palpalá","San Lorenzo","Chascomús","San Pedro","Cutral-Có","Tres Arroyos","San Isidro","Pehuajó","Villa Constitución","Paso de los Libres","Santa Lucía","Villa Ángela","Villa de Mayo","General Pacheco","Nogoyá","Chilecito","Lincoln","Tortuguitas","Pocito","Alta Gracia","Salto","Balcarce","Retiro","Ingeniero Pablo Nogués","Alderetes","San Vicente","San Antonio de Padua","Haedo","Santos Lugares","Juan José Castelli","Curuzú Cuatiá","Caleta Olivia","Cañada de Gómez","Esperanza","Saladillo","Bell Ville","Nueve de Julio","Chacabuco","Villa Santa Rita","Caucete","Pontevedra","Gualeguay","Aguilares","Granadero Baigorria","Quitilipi","Puerto Iguazú","Villaguay","Casilda","General José de San Martín","Zapala","Villa Regina","Tigre","Famaillá","Chajarí","Centenario","Garupá","Gobernador Virasora","Esquel","Adrogué","Cruz del Eje","Machagai","Villa Dolores","Termas de Río Hondo","Charata","Capitán Bermúdez","Coronel Suárez","Las Breñas","Muñiz","Jesús María","Fontana","Apóstoles","Arrecifes","Esquina","Rawson","Allen","Dolores","Plottier","Victoria","Profesor Salvador Mazza","Jardín América","La Calera","Tres Isletas","La Paz","Monte Caseros","Veinticinco de Mayo","Pérez","Marcos Juárez","Embarcación","Monteros","San Martín de los Andes","Avellaneda","Villa Gesell","Villa Ortúzar","Montecarlo","Villa Allende","San José de Jáchal","Aristóbulo del Valle","Arroyo Seco"],"AT":["Vienna","Graz","Linz","Favoriten","Donaustadt","Floridsdorf","Salzburg","Innsbruck","Ottakring","Simmering","Klagenfurt am Wörthersee","Landstraße","Penzing","Meidling","Brigittenau","Fünfhaus","Döbling","Villach","Hernals","Margareten","Hietzing","Währing","Aspern","Dornbirn","Wiener Neustadt","Alsergrund","Steyr","Hötting","Feldkirch","Jakomini","Pradl","Neubau","Mariahilf","Lend","Bregenz","Gries","Baden","Traun","Wolfsberg","Geidorf","Josefstadt","Lustenau","Sankt Pölten","Essling","Mödling","Eggenberg","Sankt Peter","Sankt Martin","Andritz","Wilten","Wels","Saalfelden am Steinernen Meer","Innere Stadt","Hohenems","Stockerau","Straßgang","Sankt Leonhard","Wetzelsdorf","Klosterneuburg","Amstetten","Telfs","Bludenz","Perchtoldsdorf"],"BB":["Bridgetown"],"BE":["Brussels","Antwerpen","Gent","Charleroi","Liège","Anderlecht","Schaerbeek","Brugge","Namur","Leuven","Molenbeek-Saint-Jean","Mons","Ixelles","Uccle","Deurne","Hasselt","Aalst","Mechelen","La Louvière","Kortrijk","Tournai","Ostend","Sint-Niklaas","Genk","Seraing","Woluwe-Saint-Lambert","Forest","Roeselare","Verviers","Jette","Mouscron","Saint-Gilles","Etterbeek","Borgerhout","Dendermonde","Beveren","Merksem","Turnhout","Berchem","Evere","Lokeren","Wilrijk","Beringen","Dilbeek","Heist-op-den-Berg","Sint-Truiden","Braine-l'Alleud","Brasschaat","Grimbergen","Vilvoorde","Herstal","Maasmechelen","Waregem","Châtelet","Ieper","Ninove","Geel","Halle","Hoboken","Wavre","Auderghem","Knokke-Heist","Schoten","Lier","Mol","Sint-Amandsberg","Binche","Lommel","Menen","Oudenaarde","Tienen","Evergem","Heusden","Wevelgem","Geraardsbergen","Sint-Pieters-Leeuw","Kessel-Lo","Blauwput","Houthalen","Helchteren","Tongeren","Deinze","Waterloo","Bilzen","Louvain-la-Neuve","Courcelles","Asse","Zaventem","Aarschot","Saint-Josse-ten-Noode","Ans","Ath","Kapellen","Izegem","Arlon","Temse","Harelbeke","Herentals","Maaseik","Berchem-Sainte-Agathe","Watermael-Boitsfort","Flémalle-Haute","Soignies","Ganshoren","Lanaken","Mortsel","Jumet","Zottegem","Ronse","Nivelles","Andenne","Marcinelle","Oupeye","Wondelgem","Overijse","Zwevegem","Ekeren","Heverlee","Beersel","Wetteren","Hamme","Willebroek","Saint-Nicolas","Westerlo","Diest","Saint-Ghislain","Manage","Maldegem","Fleurus","Koekelberg","Zedelgem","Koksijde","Edegem","Gembloux","Rixensart","Oostkamp","Zemst","Grivegnée","Chaudfontaine","Nijlen","Tervuren","Frameries","Schilde","Kontich","Zele","Braine-le-Comte","Boussu","Gilly","Bornem","Balen","Huy","Colfontaine","Zonhoven","Assebroek","Lochristi","Jambes","Poperinge","Sint-Katelijne-Waver","Sint-Andries","Tielt","Herent","Eeklo","Torhout","Aalter","Montignies-sur-Sambre","Hoogstraten","Meise","Quaregnon","Zwijndrecht","Morlanwelz-Mariemont","Koersel","Eupen","Tubize","Blankenberge","Sint-Genesius-Rode","Middelkerke","Kortenberg","Kasterlee","Diepenbeek","Lessines","Sint-Gillis-Waas","Walcourt","Kalmthout","Ranst","Lebbeke","Wervik","Stabroek","Zolder","Châtelineau","Haaltert","Mariakerke","Visé","Stekene","Denderleeuw","Dour","Marche-en-Famenne","Destelbergen","Lede","Merelbeke","Péruwelz"],"BO":["La Paz","Santa Cruz de la Sierra","Cochabamba","Sucre","Oruro","Sacaba","Quillacollo","Tarija","Potosí","Riberalta","Montero","Viacha","Trinidad","Yacuiba","Tiquipaya","Vinto","Colcapirhua","Sipe Sipe","Caranavi","Villamontes","Guayaramerín","Bermejo","Mizque","Villazón","Llallagua","Camiri","Cobija","San Borja","San Ignacio de Velasco","Tupiza","Warnes","Achocalla","Ascención de Guarayos","Cotoca","Villa Yapacaní","Laja","El Torno","Huanuni","Punata"],"BR":["São Paulo","Rio de Janeiro","Belo Horizonte","Salvador","Fortaleza","Manaus","Brasília","Curitiba","Recife","Goiânia","Belém","Porto Alegre","Guarulhos","Maceió","Campinas","São Luís","Campo Grande","Natal","Teresina","Nova Iguaçu","Duque de Caxias","João Pessoa","São Bernardo do Campo","São José dos Campos","Osasco","Ribeirão Preto","Jaboatão","Sorocaba","Aracaju","Santo André","Jaboatão dos Guararapes","Contagem","Feira de Santana","Cuiabá","Londrina","Juiz de Fora","Uberlândia","Porto Velho","Serra","Macapá","Campos dos Goytacazes","Aparecida de Goiânia","Florianópolis","São José do Rio Preto","Mauá","São João de Meriti","Belford Roxo","Joinville","Niterói","Jundiaí","Ananindeua","Santos","Boa Vista","Rio Branco","Montes Claros","Piracicaba","Caruaru","Vila Velha","Diadema","Carapicuíba","Petrolina","Grajaú","Betim","Caxias do Sul","Bauru","Itaquaquecetuba","Olinda","Blumenau","Franca","Caucaia","Cariacica","Praia Grande","Campina Grande","Paulista","Uberaba","São Vicente","Ribeirão das Neves","São José dos Pinhais","Canoas","Mogi das Cruzes","Guarujá","Pelotas","Anápolis","Taubaté","Barueri","Várzea Grande","Vitória","Maringá","Jardim Angela","Suzano","Palmas","Ponta Grossa","Limeira","Ceilândia","Sumaré","Viamão","Santa Maria","Volta Redonda","Taboão da Serra","Petrópolis","Capao Redondo","São José","Parauapebas","Parnamirim","Sapopemba","Gravataí","Mossoró","Sacomã","Jardim Sao Luis","Rondonópolis","Foz do Iguaçu","Cascavel","Indaiatuba","Novo Hamburgo","Cotia","Vitória da Conquista","Governador Valadares","Embu das Artes","Cidade Ademar","Americana","Colombo","São José de Ribamar","Magé","Arapiraca","Brasilandia","Itapevi","Marília","Itaboraí","Cabo Frio","Juazeiro","Campo Limpo","Maracanaú","Hortolândia","Divinópolis","Ipatinga","Sete Lagoas","Rio Verde","Águas Lindas de Goiás","Presidente Prudente","Juazeiro do Norte","Santa Luzia","Samambaia","Imperatriz","Cabo de Santo Agostinho","Sinop","Jabaquara","Jacareí","Maricá","Jaraguá","Itaquera","São Leopoldo","Luziânia","Itabuna","Itaim Paulista","São Carlos","Lauro de Freitas","Sobral","Rio Claro","Valparaíso de Goiás","Plano Piloto","Taguatinga","Nossa Senhora do Socorro","Castanhal","Cidade Tiradentes","Nova Friburgo","Planaltina","Santarém","Camaçari","Santa Bárbara d'Oeste","Rio Grande","Alvorada","Cachoeiro de Itapemirim","Jaraguá do Sul","Cidade Dutra","Guarapuava","Pirituba","Passo Fundo","Ferraz de Vasconcelos","Angra dos Reis","Bragança Paulista","Teresópolis","Palhoça","Timon","Ibirité","Araçatuba","Vila Andrade","Poços de Caldas","Araraquara","Porto Seguro","Rio das Ostras","Linhares","São Caetano do Sul","Pindamonhangaba","Francisco Morato","Lages","Lajeado","Barra Mansa","Pedreira","Dourados"],"BS":["Nassau","Lucaya","Freeport","Killarney"],"BZ":["Belize City","San Pedro","Orange Walk","Belmopan"],"CA":["Toronto","Montréal","Calgary","Ottawa","Edmonton","Winnipeg","Mississauga","Vancouver","Brampton","Hamilton","Surrey","Québec","Halifax","Laval","London","Etobicoke","Markham","Vaughan","Gatineau","Victoria","Saskatoon","Kitchener","Burnaby","Windsor","Longueuil","Regina","Oakville","Richmond","Richmond Hill","Burlington","Nepean","Oshawa","Greater Sudbury","Newton","Gloucester","Saguenay","Coquitlam","Barrie","Rosemont–La Petite-Patrie","Villeray–Saint-Michel–Parc-Extension","Kelowna","Trois-Rivières","Guelph","Lévis","Mercier–Hochelaga-Maisonneuve","Abbotsford","Whitby","St. Catharines","Ahuntsic-Cartierville","Le Vieux-Longueuil","Milton","Langley","Kingston","Cambridge","Sherbrooke","Orléans","Ottawa South","Ajax","Saanich","Rivière-des-Prairies–Pointe-aux-Trembles","Terrebonne","St. John's","Thunder Bay","Sydney","Le Plateau-Mont-Royal","Waterloo","Ville-Marie","Brantford","Kamloops","Lethbridge","Whalley","Delta","Chilliwack","Dartmouth","Red Deer","Niagara Falls","Saint-Laurent","Saint-Jean-sur-Richelieu","Pickering","Newmarket","Nanaimo","Airdrie","Kanata","North Vancouver","Montréal-Nord","Le Sud-Ouest","Moncton","Peterborough","Repentigny","Saint-Hubert","Maple Ridge","East Hastings","Saint-Léonard","Willowdale","Prince George","New Westminster","South Surrey","Caledon","Stoney Creek","La Haute-Saint-Charles","Cloverdale","Pierrefonds-Roxboro","Sarnia","Sault Ste. Marie","Saint John","Sherwood Park","Grande Prairie","Brossard","Verdun","Notre-Dame-de-Grâce","Fort McMurray","Granby","Waterfront Communities-The Island","Fleetwood","Guildford","Hull","Medicine Hat","Fredericton","Halton Hills","Brighouse-City Centre","Downtown","Norfolk County","North Delta","Drummondville","Pierrefonds","Port Coquitlam","St. Albert","Aylmer","Saint-Michel","Aurora","Saint-Jérôme","Jonquière","Woburn","Metrotown","Welland","Lower Sackville","Renfrew-Collingwood","Belleville","Willowdale East","North Bay","Saint-Hyacinthe","Whitchurch-Stouffville","Kensington-Cedar Cottage","Dollard-Des Ormeaux","Brandon","Cornwall","West End","Langford","Rouge","Blainville","Victoria-Downtown","West Vancouver","Georgetown","L'Amoreaux","Islington-City Centre West","Malvern","Quinte West","Chatham","Innisfil","Kitsilano","Salaberry-de-Valleyfield","Châteauguay","Rimouski","Saint-Eustache","Timmins","Sorel-Tracy","Strawberry Hill","Stittsville","Ancaster","Woodstock","Vernon","Bowmanville","Boucherville","Spruce Grove","St. Thomas","Charlottetown","Okanagan Mission","Shawinigan","Neufchâtel-Est–Lebourgneuf","Stouffville","Dovercourt-Wallace Emerson-Junction","Sunset","Rock Forest","Prince Albert","Downsview-Roding-CFB","Parkwoods-Donalda","Rutland","Joliette","Cartierville","Mascouche","Mirabel","Hastings-Sunrise","Victoriaville","Brant","Mimico","Moose Jaw","Parc-Extension","Penticton","Fairview","Surrey City Centre"],"CH":["Zürich","Genève","Basel","Lausanne","Bern","Winterthur","Luzern","Sankt Gallen","Lugano","Biel/Bienne","Zürich (Kreis 11)","Zürich (Kreis 3)","Zürich (Kreis 9)","Thun","Bellinzona","Köniz","Fribourg","La Chaux-de-Fonds","Schaffhausen","Zürich (Kreis 10)","Chur","Rapperswil","Uster","Sitten","Zürich (Kreis 7)","Neuchâtel","Emmen","Zug","Yverdon-les-Bains","Vernier","Zürich (Kreis 6)","Zürich (Kreis 2)","Zürich (Kreis 9) / Altstetten","Zürich (Kreis 12)","Lancy","Zürich (Kreis 4) / Aussersihl","Montreux","Frauenfeld","Kriens","Wetzikon","Wil","Bulle","Horgen","Kreuzlingen","Aarau","Zürich (Kreis 3) / Sihlfeld","Renens","Dietikon","Baar","Bülach","Zürich (Kreis 6) / Unterstrass","Riehen","Vevey","Dübendorf","Meyrin","Carouge","Baden","Reinach","Olten","Martigny-Ville","Wettingen","Allschwil","Zürich (Kreis 11) / Oerlikon","Zürich (Kreis 11) / Seebach","Monthey","Jona","Onex","Zürich (Kreis 11) / Affoltern","Zürich (Kreis 10) / Höngg","Gossau","Muttenz","Nyon","Sierre","Solothurn","Cham","Zürich (Kreis 9) / Albisrieden","Burgdorf","Oberwinterthur (Kreis 2)","Kloten","Pully","Stadt Winterthur (Kreis 1)","Littau","Zürich (Kreis 2) / Wollishofen","Grenchen","Einsiedeln","Locarno","Herisau","Zürich (Kreis 10) / Wipkingen","Steffisburg","Morges","Zürich (Kreis 8)","Seen (Kreis 3)","Adliswil","Schwyz"],"CL":["Santiago","Puente Alto","Maipú","Antofagasta","Viña del Mar","Valparaíso","Ñuñoa","San Bernardo","Puerto Montt","Arica","Peñalolén","Temuco","Concepción","Rancagua","Quilicura","La Pintana","Iquique","Talca","Calama","Coquimbo","La Serena","Talcahuano","Chillán","Renca","Colina","Alto Hospicio","Osorno","Valdivia","Villa Mercedes","Quilpué","Copiapó","Los Ángeles","San Pedro de la Paz","Punta Arenas","Coronel","Lo Prado","Curicó","Lampa","Villa Alemana","San Antonio","Chiguayante","Ovalle","Padre Las Casas","Paine","Linares","Quillota","Peñaflor","Buin","Padre Hurtado","Melipilla","Los Andes","San Felipe","Tomé","Talagante","La Calera","Villarrica","Hacienda La Calera","Lota","Limache","Penco","Coyhaique","Vallenar","Angol","San Vicente de Tagua Tagua","Machalí","Concón","Castro","Constitución","Ancud","Molina","San Javier","San Clemente","Cauquenes","Rengo","Puerto Varas","Santa Cruz","Lautaro","Chimbarongo","Calbuco","Panguipulli","Victoria","La Ligua","Curanilahue","Quintero","Cañete","San Carlos","Río Bueno","Las Animas","Nueva Imperial","Chillán Viejo","Longaví","Vicuña","Cabrero","Mulchén","Pucón","Parral","Nacimiento","Pirque","El Monte","La Unión","Tocopilla","San Francisco de Mostazal","Coihueco","Arauco","Casablanca","Carahue","Hualqui","Collipulli","Graneros","Illapel","Llaillay","San Vicente","Vilcún","Freire","Lebu","Pitrufquén","Quellón","Loncoche","Purranque","Los Álamos","Cabildo","Tiltil","Paillaco","Puerto Natales","Los Vilos","San José de Maipo","Chicureo","Cartagena","Nancagua","Colbún","Sagrada Familia","Quillón","La Cruz","Traiguén","San Esteban","Puerto Aysén","Pozo Almonte","Llanquihue","Caldera","Coelemu","Cunco","Maullín","Teodoro Schmidt","Putaendo"],"CN":["Shanghai","Beijing","Shenzhen","Guangzhou","Chengdu","Tianjin","Wuhan","Dongguan","Xi’an","Nanjing","Hangzhou","Foshan","Chongqing","Qingdao","Shenyang","Suzhou","Harbin","Hefei","Dalian","Changchun","Xiamen","Bao'an","Wuxi","Jinan","Taiyuan","Zhengzhou","Shijiazhuang","Kunming","Zhongshan","Nanning","Shantou","Fuzhou","Ningbo","Puyang","Shiyan","Tangshan","Lüliang","Changzhou","Zibo","Changsha","Guiyang","Ürümqi","Lanzhou","Huizhou","Haikou","Linyi","Baoding","Wenzhou","Yunfu","Huai'an","Nanchang","Hohhot","Shaoxing","Nantong","Yantai","Zhuhai","Baotou","Qingyang","Kunshan","Weifang","Zunyi","Lianyungang","Ganzhou","Ordos","Jieyang","Jilin","Nanchong","Datong","Nanyang","Jiangmen","Jiangyin","Fuyang","Bayan Nur","Chaozhou","Qingyuan","Tai’an","Xining","Changshu","Huainan","Lu’an","Yancheng","Taizhou","Daqing","Wuhu","Dazhou","Yangzhou","Guilin","Zhaoqing","Mianyang","Wanzhou","Putian","Shangqiu","Yinchuan","Yiwu","Quanzhou","Jinhua","Cixi","Changde","Kaifeng","Anshan","Baoji","Suqian","Liuzhou","Zhangjiagang","Jinjiang","Bozhou","Qujing","Zhanjiang","Fushun","Luoyang","Guankou","Handan","Yichang","Heze","Liupanshui","Maoming","Qinzhou","Luohe","Xiangyang","Yangjiang","Yixing","Xuchang","Zigong","Xuzhou","Neijiang","Heshan","Jining","Xinyang","Liaocheng","Jinzhong","Changzhi","Tianshui","Weinan","Jiaxing","Jiujiang","Anyang","Luohu District","Bijie","Zhuzhou","Shangrao","Huaibei","Meishan","Guigang","Hengyang","Yulin","Jingzhou","Xinxiang","Yichun","Xianyang","Sanya","Shaoguan","Longyan","Yongzhou","Huzhou","Wuwei","Hanzhong","Hezhou","Zhu Cheng City","Dongying","Luzhou","Meizhou","Yueyang","Laiwu","Benxi","Pingdingshan","Bengbu","Sanhe","Xiangtan","Linfen","Zhenjiang","Huludao","Baoshan","Rui’an","Laibin","Xiaogan","Ziyang","Quzhou","Zaozhuang","Pingxiang","Zhoushan","Qiqihar","Puning","Ankang","Langfang","Jiaozuo","Wanxian","Guang’an","Weihai","Zhabei","Xinyu","Yibin","Taicang","Chenzhou","Anqing","Xingtai","Zhaotong","Panzhihua"],"CO":["Bogotá","Cali","Medellín","Barranquilla","Cartagena","Cúcuta","Soacha","Bucaramanga","Ibagué","Santa Marta","Montería","Valledupar","Pereira","Manizales","Buenaventura","Bello","Pasto","Neiva","Soledad","Villavicencio","Popayán","Palmira","Armenia","Itagüí","Sincelejo","Floridablanca","Tuluá","Dosquebradas","Barrancabermeja","Riohacha","Tunja","Yopal","Florencia","Maicao","Piedecuesta","Envigado","Facatativá","Pitalito","Madrid","Cartago","Zipaquirá","Quibdó","Malambo","Rionegro","Mosquera","Chía","Magangué","Funza","Guadalajara de Buga","Sogamoso","Girón","Girardot City","Sabanalarga","Ocaña","Santander de Quilichao","Aguachica","Cereté","Duitama","Montelíbano","Fusagasugá","Ciénaga","Tumaco","Apartadó","Chigorodó","Arauca","Sabaneta","Caldas","La Dorada","Calarcá","Ipiales","Yumbo","Planeta Rica","Granada","Chinchiná","Baranoa","Villa del Rosario","San Marcos","Sahagún","Fundación","Los Patios","San Andrés","Caucasia","Santa Rosa de Cabal","Orito","Marinilla","Mocoa","Espinal","Turbaco","Ayapel","El Banco","Cajicá","Barbosa","Pamplona","San José del Guaviare","Agustín Codazzi","El Bagre","Puerto Berrío","Cimitarra","Chinú","Turbo","Arjona","Carmen de Viboral","La Estrella","Copacabana","Samaniego","Plato","Leticia","El Carmen de Bolívar","Florida","Puerto Tejada","San Gil","Chiquinquirá","Jamundí","Pradera","Piendamo","Sevilla","Miranda","Montenegro","Aracataca","Guaduas","La Unión","Acacías","Lorica","Bosconia","San Juan del Cesar","Túquerres","Segovia","Corozal","Líbano","El Cerrito","Barrancas","Santa Rosa de Osos","Patía","Payandé","San Pablo","Belalcázar","La Ceja","Gigante","Quimbaya","Villamaría","Sabanagrande","Curumaní","Paz de Ariporo","San Antero","San Juan Nepomuceno","Quinchía","Corinto","Puerto Rico","Puebloviejo","Sonsón","Sitionuevo","San Sebastián de Mariquita","Anserma","Pivijay","San Onofre","Caicedonia","Fonseca","Villanueva","Puerto Wilches","Mompós","San Luis de Sincé","San Pedro de Urabá","Guamo","Chimichagua","Socorro","Mitú","Puerto Asís","Morales","Purificación","Garzón","Flandes","Tame","Zarzal","Santo Tomás","El Charco","El Copey","Honda","Sabana de Torres","Luruaco","Roldanillo","Santiago de Tolú","Puerto Boyacá","Circasia","Palmar de Varela","La Tebaida","Chiriguaná","Albania","La Mesa","Supía","Ariguaní","Tierralta","Puerto Colombia","Mahates","El Zulia","Melgar","La Virginia","Anaime","Repelón"],"CR":["San José","Limón","San Francisco","Alajuela","Liberia","Paraíso","Puntarenas","San Isidro","Curridabat","San Vicente","San Vicente de Moravia","Purral","Turrialba","San Miguel","San Pedro","San Rafael Abajo","Quesada","Ipís","Cartago","Chacarita","San Juan","Mercedes Norte","Guadalupe","Aserrí","San Rafael","San Felipe","Patarrá","Tejar","Heredia","San Pablo","Calle Blancos","Cañas","Guápiles","Siquirres","San Diego","Colima","Esparza","San Juan de Dios","Nicoya","San Rafael Arriba"],"CU":["Havana","Santiago de Cuba","Camagüey","Holguín","Guantánamo","Santa Clara","Almendares","Diez de Octubre","Arroyo Naranjo","Mantilla","Las Tunas","Bayamo","Boyeros","Pinar del Río","Cienfuegos","Fontanar","Ciudad Camilo Cienfuegos","San Miguel del Padrón","Centro Habana","Balcón de la Lisa","Matanzas","Ciego de Ávila","Plaza de la Revolución","Marianao","Cerro","Manzanillo","Sancti Spíritus","Guanabacoa","Vedado","Palma Soriano","Alamar","Cárdenas","La Habana Vieja","Moa","Puerto Padre","Vedado del Cotorro","Contramaestre","Güira de Melena","Consolación del Sur","Güines","Artemisa","San Luis","Morón","Colón","Florida","Sagua la Grande","Trinidad","San Cristobal","Placetas","San José de las Lajas","Jagüey Grande","Nuevitas","Banes","Bartolomé Masó","Corralillo","Jesús Menéndez","Jobabo","Baracoa","Jovellanos","Bauta","Santo Domingo","Cabaiguán","Regla","San Germán","Ranchuelo","San Antonio de los Baños","Cacocum","Yaguajay","Manicaragua","Amancio","Jiguaní","Cifuentes","Guáimaro","Caibarién","Cumanayagua","Condado","Camajuaní","Santiago de las Vegas","Santa Cruz del Sur","Minas de Matahambre","Remedios","Madruga","Unión de Reyes","Vertientes","Ciro Redondo","Mariel","Yara","La Salud","Pilón","Maisí","Gibara","Naranjito","Viñales","Pedro Betancourt","Cueto","Encrucijada","Río Guayabal de Yateras","Los Palacios","Limonar","Guanajay","Campechuela","Cruces","Chambas","Perico","Río Cauto","Aguada de Pasajeros","Calimete","Víbora","Palmira","Víbora Park","Lajas","Jimaguayú","Cauto Cristo","Minas","Cojímar","Esmeralda","Nueva Gerona","Jaruco","Colombia","Varadero","Fomento","Bahía Honda","Florencia","Jatibonico","Rodas","Niquero","Guisa","Santa Cruz del Norte","Sagua de Tánamo","Bejucal","Primero de Enero","La Sierpe","Sibanicú","Media Luna","Abreus","Venezuela","Guane","Alquízar","Baraguá"],"CZ":["Prague","Brno","Ostrava","Pilsen","Liberec","Olomouc","České Budějovice","Hradec Králové","Ústí nad Labem","Pardubice","Brno střed","Havířov","Zlín","Kladno","Most","Stodůlky","Opava","Frýdek-Místek","Žižkov","Teplice","Jihlava","Chodov","Královské Vinohrady","Karviná","Chomutov","Děčín","Jablonec nad Nisou","Karlovy Vary","Mladá Boleslav","Prostějov","Přerov","Třinec","Staré Strašnice","Holešovice","Vršovice","Česká Lípa","Tábor","Libeň","Znojmo","Záběhlice","Nusle","Smíchov","Třebíč","Orlová","Modřany","Kolín","Cheb","Příbram","Trutnov","Písek","Šumperk","Vsetín","Kroměříž","Valašské Meziříčí","Krč","Nové Město","Kobylisy","Nový Jičín","Břeclav","Český Těšín","Uherské Hradiště","Líšeň","Litoměřice","Havlíčkův Brod","Královo Pole","Chrudim","Hodonín","Hlubočepy","Kopřivnice","Dejvice","Bohumín","Starý Bohumín","Jindřichův Hradec","Klatovy","Bystrc","Krnov","Černý Most","Řepy","Litvínov","Strakonice","Háje","Sokolov","Letňany","Kutná Hora","Beroun","Michle","Náchod","Žďár nad Sázavou","Vyškov","Brandýs nad Labem-Stará Boleslav","Blansko","Žabovřesky","Jirkov","Mělník","Hostivař","Žatec","Židenice","Kadaň","Louny","Hranice","Braník","Vysočany","Otrokovice","Kralupy nad Vltavou","Rožnov pod Radhoštěm","Říčany","Benešov","Prosek","Česká Třebová","Pelhřimov","Bohnice","Neratovice","Uherský Brod","Jičín","Dvůr Králové nad Labem","Košíře","Svitavy","Střížkov","Rakovník","Ostrov","Horní Měcholupy","Poděbrady","Ústí nad Orlicí","Slaný","Bruntál"],"DE":["Berlin","Hamburg","Munich","Köln","Frankfurt am Main","Stuttgart","Düsseldorf","Essen","Dortmund","Dresden","Bremen","Nürnberg","Hannover","Leipzig","Duisburg","Wandsbek","Bochum","Wuppertal","Bielefeld","Bonn","Hamburg-Nord","Mannheim","Hamburg-Mitte","Marienthal","Karlsruhe","Wiesbaden","Münster","Gelsenkirchen","Eimsbüttel","Aachen","Mönchengladbach","Augsburg","Altona","Chemnitz","Kiel","Braunschweig","Krefeld","Halle (Saale)","Magdeburg","Neue Neustadt","Oberhausen","Mainz","Freiburg","Erfurt","Lübeck","Hagen","Rostock","Kassel","Potsdam","Saarbrücken","Hamm","Herne","Mülheim","Harburg","Osnabrück","Neukölln","Solingen","Ludwigshafen am Rhein","Leverkusen","Oldenburg","Kreuzberg","Neuss","Prenzlauer Berg","Heidelberg","Paderborn","Darmstadt","Würzburg","Charlottenburg","Regensburg","Wolfsburg","Schöneberg","Recklinghausen","Göttingen","Heilbronn","Ingolstadt","Ulm","Bottrop","Bergedorf","Pforzheim","Offenbach","Friedrichshain","Remscheid","Bremerhaven","Nippes","Porz am Rhein","Reutlingen","Fürth","Marzahn","Rodenkirchen","Koblenz","Siegen","Bergisch Gladbach","Jena","Gera","Salzgitter","Moers","Hildesheim","Erlangen","Mitte","Wilmersdorf","Witten","Trier","Zwickau","Kaiserslautern","Iserlohn","Schwerin","Gütersloh","Gesundbrunnen","Düren","Rahlstedt","Esslingen","Ratingen","Marl","Lünen","Hanau am Main","Velbert","Ludwigsburg","Lichterfelde","Flensburg","Wedding","Cottbus","Wilhelmshaven","Hellersdorf","Reinickendorf","Tübingen","Minden","Villingen-Schwenningen","Konstanz","Worms","Moabit","Neumünster","Dorsten","Lüdenscheid","Marburg an der Lahn","Rheinhausen","Castrop-Rauxel","Bogenhausen","Gladbeck","Arnsberg","Rheine","Viersen","Delmenhorst","Bayreuth","Troisdorf","Gießen","Bocholt","Detmold","Steglitz","Norderstedt","Lüneburg","Billstedt","Celle","Dinslaken","Bamberg","Aschaffenburg","Neubrandenburg","Dessau","Lippstadt","Köpenick","Aalen","Neuwied","Unna","Plauen","Pankow","Herten","Herford","Grevenbroich","Weimar","Kerpen","Fulda","Dormagen","Bergheim","Garbsen","Tempelhof","Wesel","Kempten (Allgäu)","Sindelfingen","Schwäbisch Gmünd","Landshut","Rosenheim","Brandenburg an der Havel","Rüsselsheim am Main","Berlin Köpenick","Offenburg","Langenfeld","Stralsund","Hameln","Friedrichshafen","Göppingen","Görlitz","Frankfurt (Oder)","Neu-Hohenschönhausen","Hattingen","Hilden","Winterhude","Stolberg","Sankt Augustin","Eschweiler","Baden-Baden","Friedrichsfelde"],"DK":["Copenhagen","Århus","Odense","Aalborg","Frederiksberg","Esbjerg","Randers","Kolding","Horsens","Vejle","Hvidovre","Klinteby Frihed","Avedøre","Roskilde","Herning","Silkeborg","Hørsholm","Greve","Hedensted","Valby","Næstved","Viborg","Fredericia","Rødovre","Charlottenlund","Ballerup","Køge","Vanløse","Hillerød","Taastrup","Helsingør","Holstebro","Slagelse","Viby","Albertslund","Holbæk","Sønderborg","Svendborg","Indre By","Allerød","Hjørring","Nørresundby","Glostrup","Ringsted","Frederikshavn","Haderslev","Birkerød","Farum","Skive","Brøndbyvester","Stenløse","Nykøbing Falster","Ishøj","Vordingborg","Nyborg","Solrød Strand","Frederikssund","Lillerød","Vallensbæk","Tønder","Aabenraa","Middelfart","Kalundborg","Tilst"],"DM":["Roseau"],"DO":["Santo Domingo","Santiago de los Caballeros","Santo Domingo Oeste","Santo Domingo Este","San Pedro de Macorís","La Romana","Bella Vista","San Cristóbal","Puerto Plata","San Francisco de Macorís","Salvaleón de Higüey","La Vega","Punta Cana","Santa Cruz de Barahona","Bonao","San Juan de la Maguana","Bajos de Haina","Baní","Moca","Azua","Cristo Rey","Villa Francisca","Mao","Boca Chica","Salcedo","Esperanza","Cotuí","Villa Altagracia","Hato Mayor del Rey","Nagua","Villa Bisonó","Jarabacoa","Constanza","Villa Consuelo","Santa Cruz de El Seibo","Tamboril","Las Matas de Farfán","San José de Ocoa","Bayaguana","Río Grande","Monte Llano","Ciudad Nueva","Neiba","Quisqueya","San Fernando de Monte Cristi","Sabana Grande de Boyá","Dajabón","San Ignacio de Sabaneta","Monte Plata"],"EC":["Quito","Guayaquil","Cuenca","Santo Domingo de los Colorados","Ambato","Portoviejo","Eloy Alfaro","Machala","Loja","Manta","Riobamba","Ibarra","Esmeraldas","Quevedo","Latacunga","Daule","Milagro","Tulcán","Babahoyo","La Libertad","El Empalme","Puerto Francisco de Orellana","Pasaje","Chone","Salinas","Santa Elena","Rosa Zarate","Santa Rosa","Balzar","Huaquillas","Ventanas","Bahía de Caráquez","La Troncal","Jipijapa","Azogues","Naranjito","Vinces","Otavalo","El Triunfo","Naranjal","Posorja","Playas","Pomasqui","Yaguachi Nuevo","Guabo","Cayambe","Arenillas","Machachi","Puyo","Nueva Loja","Samborondón","Macas","Pedro Carbo","Guaranda","Boca Suno","San Lorenzo de Esmeraldas","Valencia","Catamayo","Montecristi","Atuntaqui","Calceta","Tena","Gualaceo","Piñas","Cariamanga","Pelileo","La Maná","Pujilí","Montalvo","Sucre","Zamora"],"ES":["Madrid","Barcelona","Valencia","Zaragoza","Sevilla","Málaga","Murcia","Palma","Las Palmas de Gran Canaria","Alicante","Bilbao","Córdoba","Valladolid","Vigo","Gijón","Eixample","Gasteiz / Vitoria","L'Hospitalet de Llobregat","Latina","Carabanchel","A Coruña","Puente de Vallecas","Fuencarral","Sant Martí","Elche","Granada","Ciudad Lineal","Fuencarral-El Pardo","Oviedo","Terrassa","Badalona","Cartagena","Jerez de la Frontera","Sabadell","Santa Cruz de Tenerife","Pamplona","Móstoles","Almería","Alcalá de Henares","Fuenlabrada","Leganés","Getafe","Donostia / San Sebastián","Sants-Montjuïc","Burgos","Santander","Albacete","Alcorcón","Castelló de la Plana","Horta-Guinardó","Nou Barris","Hortaleza","San Blas-Canillejas","Marbella","Tetuán de las Victorias","Logroño","La Laguna","Badajoz","Madrid Centro","Arganzuela","Sarrià-Sant Gervasi","Salamanca","Chamberí","Huelva","Sant Andreu","Tarragona","Usera","Lleida","Chamartín","Mataró","Villaverde","Retiro","León","Telde","Dos Hermanas","Gràcia","Algeciras","Santa Coloma de Gramenet","Torrejón de Ardoz","Cadiz","Moncloa-Aravaca","Alcobendas","Parla","Jaén","Delicias","Ourense","Moratalaz","Reus","Ciutat Vella","Orihuela","Barakaldo","Girona","Santiago de Compostela","Lugo","Cáceres","Las Rozas de Madrid","San Fernando","Roquetas de Mar","Guadalajara","Lorca","Talavera de la Reina","Centro","El Puerto de Santa María","Cornellà de Llobregat","Toledo","Melilla","El Ejido","Chiclana de la Frontera","Ceuta","Pontevedra","Algorta","Torrevieja","Sant Boi de Llobregat","Pozuelo de Alarcón","Les Corts","Coslada","Getxo","Mijas","Sant Cugat del Vallès","Avilés","Palencia","Arona","Torrent","Manresa","San Sebastián de los Reyes","Valdemoro","Ciudad Real","Vélez-Málaga","Gandia","Rubí","Santa Lucía","Fuengirola","Benidorm","Alcalá de Guadaira","Valdefuentes","Ponferrada","Rivas-Vaciamadrid","Majadahonda","Sanlúcar de Barrameda","Campiña","Estepona","Ferrol","Aluche","Vicálvaro","Castelldefels","Viladecans","Sagunto","Vilanova i la Geltrú","Torremolinos","Villa de Vallecas","Valverde","La Línea de la Concepción","Molina de Segura","Paterna","El Prat de Llobregat","Collado-Villalba","Pueblo Nuevo","Grao de Murviedro","Irun","Zamora","Alcoy","Arrecife","Granollers","Motril","Gamonal","Santutxu","Mérida","Benalmádena","Cerdanyola del Vallès","la Nova Esquerra de l'Eixample","Ávila","Linares","Barri de Sant Andreu","San Vicent del Raspeig","Torrelavega","Elda","Cuenca","Aranjuez","Huesca","San Bartolomé de Tirajana","Vallecas","Boadilla del Monte","Utrera","Mollet del Vallès","Pinar del Rey","Puertollano","Calvià","Segovia","Sagrada Família","Arganda","Las Águilas","la Vila de Gràcia","Vila-real","Ventas","Ibiza","Buenavista","Numancia","Vista Alegre","Sant Gervasi - Galvany"],"FI":["Helsinki","Espoo","Tampere","Vantaa","Oulu","Turku","East Helsinki","Jyväskylä","Kuopio","Lahti","Pori","Joensuu","Kouvola","Lappeenranta","Vaasa","Hämeenlinna","Seinäjoki","Rovaniemi","Porvoo","Mikkeli","Salo","Kotka","Kokkola","Järvenpää","Lohja","Nurmijärvi","Hyvinge","Tuusula","Kirkkonummi","Vuosaari","Rauma","Kerava","Kaarina","Nokia","Kajaani","Mellunkylä","Kangasala","Ylöjärvi","Savonlinna","Vartiokylä","Vihti","Riihimäki","Leppävaara","Haaga","Kallio","Raseborg","Kaarela","Herttoniemi","Raisio","Hervanta","Lempäälä","Imatra","Sastamala","Oulunkylä","Raahe","Sibbo","Karhula","Hollola","Matinkylä","Laajasalo","Siilinjärvi","Pirkkala","Klaukkala","Mäntsälä","Tornio","Valkeakoski","Lieto","Iisalmi","Naantali","Lauttasaari","Suutarila","Jakobstad","Varkaus","Kurikka","Kemi","Hamina","Jämsä","Laukaa","Myyrmäki","Pitäjänmäki","Heinola","Espoonlahti","Äänekoski","Munkkiniemi","Haukipudas","Pieksämäki","Korsholm","Olari","Anjala","Vammala","Suurmetsä","Forssa","Pohjois-Hervanta","Janakkala","Orimattila","Väståboland","Ylivieska","Taka-Töölö","Loimaa","Viikki","Kontiolahti","Kauhava"],"FR":["Paris","Marseille","Lyon","Toulouse","Nice","Nantes","Marne La Vallée","Strasbourg","Bordeaux","Montpellier","Lille","Rennes","Reims","Le Havre","Cergy-Pontoise","Paris 13e Arrondissement","Saint-Étienne","Toulon","Angers","Dijon","Grenoble","Nîmes","Clermont-Ferrand","Aix-en-Provence","Saint-Quentin-en-Yvelines","Brest","Le Mans","Paris 11e Arrondissement","Amiens","Tours","Limoges","Paris 12e Arrondissement","Villeurbanne","Besançon","Metz","Orléans","Rouen","Mulhouse","Montreuil","Perpignan","Caen","Boulogne-Billancourt","Nancy","Lyon 03","Argenteuil","Roubaix","Tourcoing","Saint-Denis","Avignon","Marseille 13","Asnières-sur-Seine","Nanterre","Lyon 08","Poitiers","Versailles","Courbevoie","Créteil","Paris 10e Arrondissement","Pau","Lyon 07","Colombes","Vitry-sur-Seine","Aulnay-sous-Bois","Marseille 08","Marseille 15","Marseille 09","La Rochelle","Champigny-sur-Marne","Rueil-Malmaison","Antibes","Gare","Saint-Maur-des-Fossés","Cannes","Calais","Béziers","Dunkerque","Aubervilliers","Mérignac","Bourges","Saint-Nazaire","Colmar","Maison Blanche","Valence","Quimper","Drancy","Noisy-le-Grand","Villeneuve-d'Ascq","La Seyne-sur-Mer","Levallois-Perret","Marseille 14","Picpus","Chambéry","Issy-les-Moulineaux","Neuilly-sur-Seine","Troyes","Antony","La Roche-sur-Yon","Marseille 12","Lorient","Sarcelles","Pessac","Ivry-sur-Seine","Évreux","Vénissieux","Cergy","Clichy","Marseille 11","Saint-Quentin","Niort","Belfort","Ajaccio","Vannes","Sartrouville","Maisons-Alfort","Meaux","Blois","Brive-la-Gaillarde","Arles","Beauvais","Châteauroux","Cholet","Fréjus","Pantin","Lyon 06","Saint-Brieuc","Montauban","Charleville-Mézières","Albi","Tarbes","Fontenay-sous-Bois","Lyon 09","Évry","Clamart","Marseille 10","Châlons-en-Champagne","Narbonne","Saint-Malo","Laval","Hyères","Lyon 05","Carcassonne","Angoulême","Annecy","Bondy","Le Blanc-Mesnil","Villejuif","Grasse","Sevran","Castres","Chalon-sur-Saône","Marseille 04","Arras","Boulogne-sur-Mer","Chelles","Cagnes-sur-Mer","Saint-Herblain","Douai","Épinay-sur-Seine","Vincennes","Roquette","Martigues","Marseille 03","Bourg-en-Bresse","Bobigny","Montluçon","Aubagne","Valenciennes","Suresnes","Meudon","Marseille 05","Bayonne","Istres","Thionville","Mantes-la-Jolie","Compiègne","Nevers","Chartres","Marseille 06","Le Cannet","Wattrelos","Caluire-et-Cuire","Gap","Talence","Alès","Gennevilliers","Saint-Priest","Rosny-sous-Bois","Auxerre","Salon-de-Provence","Saint-Germain-en-Laye","Bastia","Marseille 01","Sète","Anglet","Puteaux","Corbeil-Essonnes","Garges-lès-Gonesse","Roanne","Savigny-sur-Orge","Livry-Gargan"],"GB":["London","Birmingham","Glasgow","Manchester","Sheffield","Leeds","Edinburgh","Liverpool","Bristol","Cardiff","Leicester","Bradford","Belfast","Coventry","Brent","Birkenhead","Nottingham","Islington","Reading","Kingston upon Hull","Preston","Swansea","Newcastle upon Tyne","Southend-on-Sea","Brighton","Derby","Southampton","Wolverhampton","Plymouth","Stoke-on-Trent","Milton Keynes","City of Westminster","Northampton","Oldham","Bexley","Luton","Archway","Portsmouth","Swindon","Dudley","Aberdeen","Sutton","St Helens","Crawley","Ipswich","Wigan","Croydon","Warrington","Walsall","Mansfield","Sunderland","Ilford","Slough","Bournemouth","Peterborough","Oxford","Newport","Enfield Town","York","Telford","Poole","Burnley","Harrow","Huddersfield","Dundee","Blackburn","Cambridge","Blackpool","Basildon","Norwich","Middlesbrough","Bolton","Stockport","West Bromwich","Hastings","High Wycombe","Gloucester","Exeter","Tottenham","Salford","Newcastle under Lyme","Solihull","Watford","Saint Peters","Burton upon Trent","Colchester","Eastbourne","Rotherham","Cheltenham","Doncaster","Chesterfield","Chelmsford","Mendip","Wakefield","Walthamstow","Dagenham","Basingstoke","Maidstone","Sutton Coldfield","Bedford","Woking","Lincoln","Worcester","Bath","Gillingham","Becontree","Worthing","Rochdale","Royal Leamington Spa","Romford","Harlow","Nuneaton","High Peak","Darlington","Southport","Chester","Stevenage","Wembley","Grays","Harrogate","Hartlepool","Fulham","Londonderry County Borough","Grimsby","Cannock","Hemel Hempstead","St Albans","Redditch","South Shields","Derry","Weston-super-Mare","Halifax","Edmonton","Beckenham","Tamworth","Scunthorpe","Stockton-on-Tees","Carlisle","Gateshead","Lisburn","Paisley","Putney","Shrewsbury","Fylde","Bracknell","Battersea","Crewe","Chatham","Hove","Aylesbury","East Kilbride","Canary Wharf","Rugby","Purley","Guildford","Peckham","Barnsley","Lowestoft","Gosport","Maidenhead","Stafford","Uxbridge","Southall","Royal Tunbridge Wells","Wimbledon","Stamford Hill","Rossendale","Folkestone","Brixton","Hounslow","Chingford","Finchley","Wrexham","Torquay","Loughborough","Cricklewood","Kingswood","Taunton","Waterlooville","Macclesfield","Bognor Regis","Newtownabbey","Kettering","Buckley","Great Yarmouth","Mitcham","Runcorn","Ashford","Tonypandy","Ellesmere Port Town","Scarborough","Widnes","Aldershot","Bury","Bangor","Barking","Castleford","Hereford","Stroud","Margate"],"GD":["Saint George's"],"GR":["Athens","Thessaloníki","Pátra","Piraeus","Lárisa","Peristéri","Irákleion","Kallithéa","Acharnés","Kalamariá","Níkaia","Glyfáda","Volos","Ílion","Ilioúpoli","Keratsíni","Évosmos","Khalándrion","Néa Smýrni","Maroúsi","Agios Dimitrios","Zográfos","Aigáleo","Néa Ionía","Ioánnina","Palaió Fáliro","Korydallós","Tríkala","Výronas","Agía Paraskeví","Galátsi","Chalkída","Petroúpolis","Sérres","Políchni","Ródos","Kalamata","Kavála","Chaniá","Kateríni","Alexandroupoli","Lamía","Irákleio","Xánthi","Kifisiá","Agrínio","Stavroúpoli","Chaïdári","Komotiní","Sykiés","Dráma","Véroia","Álimos","Corfu","Kozáni","Thívai","Pylaía","Ágioi Anárgyroi","Argyroúpoli","Áno Liósia","Kardítsa","Rethymno","Cholargós","Vrilissia","Asprópyrgos","Kórinthos","Ptolemaḯda","Gérakas","Metamórfosi","Voúla","Kamaterón","Mytilene","Giannitsá","Neapoli","Elefthério - Kordelió","Trípoli","Agía Varvára","Kaisarianí","Néa Filadélfeia","Moskháton","Pérama","Salamína","Elefsína","Chios","Mégara","Kilkís","Dhafní","Melíssia","Pýrgos","Árgos","Árta","Livadeiá","Artémida","Péfki","Oraiókastro","Aígio","Náousa","Kos","Koropí","Édessa","Peraía","Flórina","Panórama","Néa Erythraía","Préveza","Ellinikó","Amaliáda","Ágios Athanásios","Sparta","Orestiáda","Agios Ioannis Rentis","Vári","Meneméni","Néa Mákri"],"GT":["Guatemala City","Villa Nueva","Mixco","Cobán","Quetzaltenango","Jalapa","Escuintla","Villa Canales","Jutiapa","Chichicastenango","San Juan Sacatepéquez","Petapa","Santa Lucía Cotzumalguapa","Chiquimula","Coatepeque","Chinautla","Totonicapán","Puerto Barrios","Chimaltenango","Malacatán","Retalhuleu","Santa Catarina Pinula","San José Pinula","Huehuetenango","Santa Cruz del Quiché","Mazatenango","Panzos","Amatitlán","Palín","Salamá","Chicacao","Zacapa","Comitancillo","Fraijanes","San Pedro Ayampuc","Patzún","San Francisco El Alto","Ostuncalco","Soloma","Asunción Mita","Colomba","Barberena","San Marcos","Antigua Guatemala","Sololá","Masagua","Cantel","Cuilapa","Patulul","San Pedro Sacatepéquez","Nuevo San Carlos","Jacaltenango","Yepocapa","Tecpán Guatemala","Ciudad Vieja","Santiago Atitlán","Comalapa","Momostenango","San Benito","Santiago Sacatepéquez","San Sebastián","Jalpatagua","Sumpango","Nahualá","San Andrés Itzapa","Guastatoya","San Luis Jilotepeque","San Felipe","Zaragoza","La Gomera","Alotenango","Nebaj","Cabricán","San Francisco Zapotitlán","Santa María de Jesús","Patzicía","San Lucas Sacatepéquez","Esquipulas","El Estor","Flores","San Pablo Jocopilas","San Cristóbal Verapaz","Salcajá","Gualán","Morales","Guazacapán","Puerto San José","Palencia","Tiquisate","Lívingston","Jocotenango","El Asintal","Poptún","Santa Bárbara","Chisec","La Esperanza","San Pedro Carchá","Sanarate","El Tejar","El Palmar","Rabinal","San Andrés Xecul"],"GY":["Georgetown","Linden","New Amsterdam"],"HN":["Tegucigalpa","San Pedro Sula","La Ceiba","Choloma","El Progreso","Ciudad Choluteca","Comayagua","Puerto Cortez","La Lima","Danlí","Siguatepeque","Juticalpa","Villanueva","Tocoa","Tela","Santa Rosa de Copán","Olanchito","San Lorenzo","Cofradía","El Paraíso","La Paz","Yoro","Potrerillos","Santa Bárbara"],"HT":["Port-au-Prince","Carrefour","Delmas","Port-de-Paix","Pétionville","Croix-des-Bouquets","Jacmel","Cap-Haïtien","Léogâne","Les Cayes","Tigwav","Jérémie","Saint-Michel de l'Atalaye","Miragoâne","Gonaïves","Saint-Marc","Thomazeau","Grangwav","Verrettes","Kenscoff","Saint-Raphaël","Ti Port-de-Paix","Lenbe","Gressier","Terrier Rouge","Hinche","Fond Parisien","Désarmes"],"HU":["Budapest","Debrecen","Szeged","Miskolc","Pécs","Budapest XI. kerület","Zugló","Győr","Budapest III. kerület","Nyíregyháza","Budapest XIII. kerület","Kecskemét","Székesfehérvár","Újpest","Budapest IV. kerület","Budapest XVIII. kerület","Budapest II. kerület","Budapest VIII. kerület","Budapest XV. kerület","Kőbánya","Budapest XVII. kerület","Szombathely","Józsefváros","Budapest XXI. kerület","Szolnok","Budapest XVI. kerület","Tatabánya","Kaposvár","Budapest XX. kerület","Érd","Sopron","Angyalföld","Erzsébetváros","Zalaegerszeg","Budapest XIX. kerület","Kispest","Békéscsaba","Ferencváros","Pestlőrinc","Veszprém","Budapest XII. kerület","Eger","Kelenföld","Budapest XXII. kerület","Dunaújváros","Nagykanizsa","Hódmezővásárhely","Budapest VI. kerület","Cegléd","Rákospalota","Ózd","Baja","Újpalota","Pesterzsébet","Vác","Salgótarján","Szekszárd","Középső-Ferencváros","Óbuda","Pápa","Gyöngyös","Kazincbarcika","Gödöllő","Gyula","Hajdúböszörmény","Kiskunfélegyháza","Ajka","Orosháza","Mosonmagyaróvár","Dunakeszi","Kiskunhalas","Esztergom","Szentes","Jászberény","Komló","Budafok","Budapest V. kerület","Óhegy","Újszeged","Makó","Budaörs","Rákoskeresztúr","Szigetszentmiklós","Naphegy","Budapest I. kerület","Hajdúszoboszló","Szentendre","Nagykőrös","Tata","Rákosszentmihály","Siófok","Törökszentmiklós","Karcag","Gyál","Monor","Várpalota","Békés","Dombóvár","Paks","Budapest XXIII. kerület","Oroszlány","Hatvan","Mátyásföld","Lágymányos","Keszthely","Vecsés","Mezőtúr","Komárom","Mátészalka","Mohács","Csongrád","Csepel-Csillagtelep","Kalocsa","Kisvárda","Szarvas","Veresegyház","Diósgyőr","Sátoraljaújhely","Hajdúnánás","Balmazújváros","Mezőkövesd","Tapolca","Százhalombatta","Tiszaújváros","Dunaharaszti","Fót","Dabas","Abony","Püspökladány","Csepel-Királyerdő","Göd","Sárvár","Sashalom","Gyomaendrőd","Kiskőrös"],"ID":["Jakarta","Surabaya","Bekasi","Bandung","Medan","Depok","Tangerang","Palembang","Semarang","Makassar","South Tangerang","Jepara","Bandar Lampung","Batam","Bogor","Pekanbaru","Padang","Malang","Samarinda","Tasikmalaya","Denpasar","Balikpapan","Serang","Situbondo","Pontianak","Banjarmasin","Jambi City","Cimahi","Surakarta","Manado","Cilegon","Kupang","Mataram","Jayapura","Bengkulu","Yogyakarta","Palu","Cibinong","Sukabumi","Ambon","Kendari","Cirebon","Dumai","Pekalongan","Percut","Jember","Palangkaraya","Cileungsir","Tegal","Binjai","Pematangsiantar","Pasarkemis","Cilacap","Banda Aceh","Sorong","Tarakan","Probolinggo","Singkawang","Padangsidempuan","Kediri","Lubuklinggau","Purwokerto","Tanjung Pinang","Bitung","Batu","Pangkalpinang","Citeureup","Loa Janan","Pasuruan","Ciputat","Ciampea","Ternate","Madiun","Rengasdengklok","Salatiga","Banjar","Sumedang","Gorontalo","Lhokseumawe","Langsa","Curug","Palopo","Bontang","Labuan Bajo","Padalarang","Pemalang","Tanjungbalai","Lembang","Singosari","Purwakarta","Metro","Cianjur","Pamulang","Cikupa","Ungaran","Plumbon","Sampit","Sawangan","Banjaran","Bima","Baubau","Parepare","Sunggal","Perbaungan","Blitar","Watampone","Astanajapura","Cikampek","Timika","Kisaran","Mojokerto","Payakumbuh","Purwodadi","Sidoarjo","Weru","Subang","Rangkasbitung","Gunungsitoli","Batang","Baturaja","Adiwerna","Singaraja","Garut","Martapura","Teluknaga","Klaten","Jombang","Paseh","Sukawati","Lumajang","Indramayu","Parung","Magelang","Bukittinggi","Bangil","Sepatan","Banyuwangi","Tebingtinggi","Kedungwuni","Soreang","Pamanukan","Lawang","Kuningan","Cileunyi","Kresek","Ciamis","Pelabuhanratu","Manokwari","Pati","Cikarang","Arjawinangun","Prabumulih","Tanjung Pandan","Rantauprapat","Belawan","Merauke","Sungailiat","Grogol","Sumedang Utara","Sungai Penuh","Dukuhturi","Sumber","Wonosobo","Palimanan","Selong","Pamekasan","Pandeglang","Pariaman","Kudus","Caringin","Sibolga","Subulussalam","Tual","Cicurug","Kartasura","Klangenan","Maumere","Wonosari","Ende","Bojonegoro","Bangkalan","Kasihan","Sintang","Sumenep","Margahayukencana","Galesong","Atambua","Kedungwaru","Serpong","Genteng","Gedangan","Ponorogo","Ciranjang-hilir","Tuban","Kebomas","Karangsembung","Tarub","Ubud"],"IE":["Dublin","South Dublin","Cork","Limerick","Galway","Tallaght","Waterford","Swords","Drogheda","Dundalk","Bray","Douglas","Dún Laoghaire","Ennis","Navan","Carlow","Tralee","Droichead Nua","Sandyford","Balbriggan","Kilkenny","Athlone","Naas","Celbridge","Wexford","Finglas","Letterkenny","Sligo","Ballincollig","Greystones","Rathfarnham","An Muileann gCearr","Cluain Meala","Malahide","Blanchardstown","Carrigaline","Leixlip","Donaghmede","Lucan"],"IL":["Jerusalem","Tel Aviv","West Jerusalem","Haifa","Rishon LeTsiyyon","Petaẖ Tiqva","Netanya","Ashdod","Bnei Brak","H̱olon","Beersheba","Ramat Gan","Reẖovot","Ashkelon","Bat Yam","Bet Shemesh","Kfar Saba","Jaffa","Herzliya","Hadera","Modi‘in Makkabbim Re‘ut","Nazareth","Lod","Modiin Ilit","Ramla","Ra'anana","Rosh Ha‘Ayin","Hod HaSharon","Kiryat Gat","Givatayim","Qiryat Ata","Nahariyya","Umm el Faḥm","Eilat","Acre","Ness Ziona","El‘ad","Yavné","Ramat HaSharon","Karmi’el","Afula","Pardés H̱anna Karkur","Tiberias","Eṭ Ṭaiyiba","Qiryat Bialik","Netivot","Naẕerat ‘Illit","Qiryat Motsqin","Shefar‘am","Kiryat Ono","Qiryat Yam","Or Yehuda","Dimona","Safed","Ofaqim","Sakhnīn","Gedera","Bāqa el Gharbīya","Yehud-Monosson","Giv'at Shmuel","Arad","Tirat Karmel","Be’er Ya‘aqov","Sderot","Eṭ Ṭīra","Tamra","Migdal Ha‘Emeq","Yehud","Qiryat Mal’akhi","Ganei Tikva","Qiryat HaYovel","Daliyat al Karmel","‘Ar‘ara","Kfar Yona","Nesher","Mevasseret Tsiyyon","Gan Yavne","Kafr Qāsim","Yoqne‘am ‘Illit","Zikhron Ya‘aqov","Maghār","Kafr Kannā","Qiryat Shmona","Kadima Zoran","maalot Tarshīhā","H̱ura","Judeida Makr","Kuseifa","Shoham","Ariel","Tel Sheva‘","Kafr Mandā","Rahat","Kafr Qari‘","Or Akiva","Yāfā","Qiryat Tiv‘on","‘Ar‘ara BaNegev","Yirkā","Qalansuwa","Bet She’an","Binyamina","Binyamina-Giv'at Ada","Er Reina","Giv`at H̱ananya","Majd el Kurūm"],"IN":["Mumbai","Delhi","Bengaluru","Hyderabad","Ahmedabad","Chennai","Kolkata","Surat","Pune","Jaipur","Kanpur","Navi Mumbai","Lucknow","Nagpur","Coimbatore","Indore","Thāne","Vadodara","Bhopal","Rasapūdipalem","Pimpri-Chinchwad","Patna","Kallakurichi","Ludhiana","Nashik","Madurai","Tirunelveli","Agra","Faridabad","Rājkot","Najafgarh","Jamshedpur","Gorakhpur","Pimpri","Kalyān","Dombivali","Meerut","Virār","Nowrangapur","Srinagar","Ghāziābād","Dhanbad","Aurangabad","Varanasi","Amritsar","Vijayawada","Ranchi","Jabalpur","Prayagraj","Visakhapatnam","Jodhpur","Gwalior","Teni","Howrah","Raipur","Tiruchirappalli","Kota","Shivaji Nagar","Sholapur","Chandigarh","Tiruppur","Guwahati","Hubballi","Mysuru","Salem","Gurugram","Bhubaneswar","Bhiwandi","Jalandhar","Rohini","Kanayannur","Bhayandar","Narela","Thiruvananthapuram","Alīgarh","Bareilly","Morādābād","Warangal","Guntur","Puducherry","Amravati","Bikaner","Kochi","Bhilai","Cuttack","Borivli","Bhavnagar","Sāngli","Jamnagar","Jammu","Bokāro","Nanded","Kozhikode","Kolhāpur","Nellore","Kalaburagi","Ajmer","Dehradun","Erode","Durgapur","Ulhasnagar","Loni","Siliguri","Ujjain","Bilimora","Karol Bāgh","Āsansol","Mangaluru","Belagavi","Sahāranpur","Vellore","Bhātpāra","Malegaon","Gaya","Ambattur","Jalgaon","Kurnool","Rāmgundam","Udaipur","Maheshtala","Patiāla","Shyamnagar","Davangere","Akola","Rajpur Sonarpur","Korba","Jhānsi","Thoothukudi","Ballari","Bhāgalpur","Agartala","Kākināda","Latur","Pānihāti","Rajamahendravaram","Dhule","Rohtak","Ahilyanagar","Kollam","Bilāspur","Bhilwara","Brahmapur","Muzaffarpur","Punāsa","Muzaffarnagar","Avadi","Kadapa","Kukatpally","Kāmārhāti","Mathura","Chānda","Vijayapura","Shivamogga","Alwar","Shāhjānpur","Jūnāgadh","New Delhi","Thrissur","Nizāmābād","Tumkūr","Parbhani","Hisar","Fīrozābād","Kulti","Karnāl","Barddhamān","Gundupālaiyam","Bārāsat","Mulugu","Bihār Sharīf","Bāli","Rāmpur","Darbhanga","Panipat","Tirupati","Greater Noida","Noida","Aizawl","Gandhinagar","Dindigul","Thanjavur","Karīmnagar","Dewas","Sonīpat","Ichalkaranji","Bathinda","Jālna","Kirāri Sulemānnagar","Satna","Purnia","Imphal","Saugor","Kushinagar","Rourkela","Durg","Anantapur","Ratlām","Rānipet","Lal Bahadur Nagar"],"IT":["Rome","Milan","Naples","Turin","Palermo","Genoa","Bologna","Florence","Bari","Catania","Verona","Messina","Trieste","Padova","Brescia","Taranto","Parma","Prato","Modena","Reggio Calabria","Quarto Oggiaro","Reggio nell'Emilia","Livorno","Cagliari","Rimini","Mestre","Foggia","Ferrara","Acilia-Castel Fusano-Ostia Antica","Salerno","Monza","Siracusa","Bergamo","Trento","Perugia","Pescara","Forlì","Vicenza","Terni","Pisa","Bolzano","Piacenza","Novara","Arezzo","Udine","Andria","Cesena","La Spezia","Barletta","Alessandria","Sassari","Ancona","Brindisi","Treviso","Torre del Greco","Lido di Ostia","Como","Busto Arsizio","Sesto San Giovanni","Lucca","Pozzuoli","Ravenna","Lecce","Varese","Giugliano in Campania","Catanzaro","Marsala","Pesaro","Fuorigrotta","Latina","Cinisello Balsamo","Gela","Aprilia","Asti","Ragusa","Casoria","Pistoia","Caserta","Cremona","Carpi Centro","Altamura","Lamezia Terme","Imola","San Carlo All'Arena","Arenella","Trapani","Guidonia Montecelio","Quartu Sant'Elena","Castellammare di Stabia","Pavia","Massa","Crotone","Afragola","Cosenza","Caltanissetta","Viareggio","Savona","Fano","Grosseto","Matera","Olbia","Acerra","Molfetta","Carrara","Benevento","Vigevano","Pianura","Legnano","Manfredonia","Foligno","Potenza","Moncalieri","Cuneo","Bisceglie","Pozzo Strada","Modica","Teramo","Cerignola","Trani","Siena","Portici","Ercolano","Bagheria","Cava Dè Tirreni","Aversa","Velletri","Ponticelli","San Severo","Bitonto","Mazara del Vallo","Venice","Vittoria","Gallarate","Barriera di Milano","Rovigo","Barriera di Lanzo","Marano di Napoli","Pordenone","Nettuno","Acireale","Campobasso","Scafati","Rivoli","Avellino","San Lorenzo","Nichelino","Civitavecchia","Settimo Torinese","Viterbo","Battipaglia","Rho","Sanremo","Parella","Lecco","Collegno","Corato","Paderno Dugnano","Paternò","Montesilvano Marina","Vercelli","San Benedetto del Tronto","Casalnuovo di Napoli","Cologno Monzese","Sesto Fiorentino","Nocera Inferiore","Misterbianco","San Giorgio a Cremano","Anzio","Soccavo","Monte Rosello","Scandicci","Vomero","Frosinone","Chieti","Alcamo","Marino","Arcella","Torre Annunziata","Biella","Secondigliano","Seregno","Imperia","Civitanova Marche","Gravina in Puglia","Desio","Chioggia","San Donà di Piave","Ascoli Piceno","Faenza","Vasto","Mirafiori Nord","Capannori","Merano","Lodi","Sciacca","Cascina","Marcianise","Nicastro","Cantù","Fondi"],"JM":["Kingston","New Kingston","Spanish Town","Portmore","Montego Bay","Mandeville","May Pen","Old Harbour","Linstead","Half Way Tree","Savanna-la-Mar"],"JP":["Tokyo","Yokohama","Osaka","Nagoya","Sapporo","Fukuoka","Kawasaki","Kobe","Kyoto","Saitama","Hiroshima","Sendai","Chiba","Kitakyushu","Setagaya","Sakai","Niigata","Hamamatsu","Ōta","Kumamoto","Aihara","Okayama","Sagamihara","Edogawe","Adachi","Shizuoka","Honchō","Kawaguchi","Kagoshima","Suginami","Itabashi","Hachiōji","Kotō","Himeji","Utsunomiya","Matsuyama","Matsudo","Ichikawa","Higashiosaka","Nishinomiya","Kurashiki","Ōita","Fukuyama","Kanazawa","Amagasaki","Katsushika","Fujisawa","Kashiwa","Machida","Toyota","Shinagawa","Takamatsu","Toyama","Yokosuka","Nagasaki","Hirakata","Gifu","Toyonaka","Miyazaki","Suita","Okazaki","Ichinomiya","Toyohashi","Minato","Takasaki","Nagano","Nara-shi","Iwaki","Wakayama","Kawagoe","Takatsuki","Shinjuku","Koshigaya","Ōtsu","Nakano","Tokorozawa","Asahikawa","Maebashi","Kita","Kochi","Kōriyama","Naha","Kasugai","Akita","Yokkaichi","Akashi","Kurume","Toshima","Aomori","Fukushima","Morioka","Meguro","Sumida","Ibaraki","Ichihara","Hakodate","Tsu","Yao","Kakogawachō-honmachi","Mito","Tokushima","Nagaoka","Shimonoseki","Fuchū","Fukui-shi","Minato City","Hiratsuka","Sōka","Yamagata","Fuji","Sasebo","Chigasaki","Chōfu","Yamato","Tsukuba","Matsumoto","Bunkyo","Hachinohe","Neyagawa","Saga","Shibuya","Kasukabe","Ageo","Takarazuka","Minamirinkan","Atsugi","Arakawa","Kure","Isesaki","Taito","Nishi-Tokyo-shi","Kishiwada","Matsue","Nagareyama","Yachiyo","Kodaira","Itami","Higashihiroshima","Suzuka","Kamirenjaku","Kumagaya","Yamaguchi","Uji","Hino","Kofu","Numazu","Jōetsu","Odawara","Anjō","Tottori-shi","Toyokawa","Izumi","Tachikawa","Narashino","Tomakomai","Hitachi","Sakura","Ube","Kamakura","Izumo","Urayasu","Imabari","Takaoka","Nishio","Chūō","Hirosaki","Kushiro","Oyama","Iwata","Obihiro","Niiza","Hadano","Ōgaki","Miyakonojō","Sayama","Matsusaka","Tochigi","Ueda","Hitachi-Naka","Katsuta","Kawanishi","Noda","Kariya","Higashimurayama","Kukichūō","Musashino","Shūnan","Komaki","Yonago","Tama","Iruma","Fujieda","Ashikaga","Kakamigahara","Tsuchiura","Kusatsu","Moriguchi","Okinawa","Misato, Saitama"],"KR":["Seoul","Busan","Incheon","Daegu","Daejeon","Gwangju","Suwon","Ulsan","Goyang-si","Changwon","Seongnam-si","Cheongju-si","Bucheon-si","Cheonan","Hwaseong-si","Jeonju","Ansan-si","Anyang-si","Kimhae","Pohang","Jeju City","Uijeongbu-si","Masan","Gumi","Sejong","Pyeongtaek","Yangsan","Gwangmyeong","Wŏnju","Chinju","Iksan","Gunpo","Chuncheon","Suncheon","Yeosu","Mokpo","Gyeongsan-si","Gunsan","Hanam","Gyeongju","Osan","Geoje","Chungju","Gangneung","Icheon-si","Guri-si","Yangju","Seogwipo","Gijang","Gwangyang","Andong","Gimcheon","Jeongeup","Siheungdong","Yeoju","Hwado","Sangju","Donghae City","Asan","Wabu","Boryeong","Muan","Namyangju","Kwangyang","Hongseong","Yeongju","Wanju","Yangp'yŏng","Ungsang","Sinhyeon","Nangen","Sokcho","Naesŏ","Mungyeong","Hongch’ŏn","Changnyeong","Seosan","Koch'ang","Gongju","Kyosai","Tongyeong","Anseong","Hwawŏn","Uiwang","Pubal","Kosong","Chinch'ŏn","Hwasun","Buyeo","Okcheon","Eisen","Gapyeong","Tallang-dong","Yecheon","Sinan","Miryang","Yeonggwang","Yeongam","T’aebaek","Ido-dong","Kimje","Damyang","Koesan","Nonsan","Yeongdong","Munsan","Seodong","Naju","Santyoku","Jangseong","Hadong","Cheorwon","Ara-dong","Yesan","Jungpyong","Boseong","Heunghae","Yeonil","Jangheung","Kunwi","Tangjin","Cheongsong gun","Jinan-gun","Kurye","Waegwan","Seonghwan","Hayang","Goseong","Changsu","Imsil","Ganghwa-gun","Neietsu","Kinzan","Yŏnmu","Yanggu","Haenam","Gaigeturi","Namsa","Taesal-li","Hwacheon","Puan","Jenzan","Jumunjin","Beolgyo","Ora-dong"],"MX":["Mexico City","Tijuana","Iztapalapa","Puebla","Ecatepec de Morelos","Santiago de Querétaro","León de los Aldama","Ciudad Juárez","Zapopan","Guadalajara","Mérida","Gustavo Adolfo Madero","Monterrey","Ciudad Nezahualcoyotl","Mexicali","Chihuahua","Cancún","Naucalpan de Juárez","Hermosillo","Culiacán","Morelia","Torreón","Álvaro Obregón","San Luis Potosí","Aguascalientes","Saltillo","Guadalupe","Acapulco de Juárez","Tlalnepantla","Tlaquepaque","Coyoacán","Tuxtla","Reynosa","Tlalpan","Cuautitlán Izcalli","Cuauhtémoc","Victoria de Durango","Heroica Matamoros","Toluca","Ciudad López Mateos","Ciudad Apodaca","Ciudad General Escobedo","Ensenada","Xochimilco","Venustiano Carranza","Veracruz","Xalapa de Enríquez","Nuevo Laredo","Azcapotzalco","San Nicolás de los Garza","Tonalá","Ojo de Agua","Benito Juárez","Xico","Iztacalco","Mazatlán","Irapuato","Miguel Hidalgo","Benito Juarez","Tapachula","Villahermosa","Celaya","Cuernavaca","Tepic","Ciudad Victoria","Soledad de Graciano Sánchez","Ciudad Obregón","Ixtapaluca","Coatzacoalcos","Tampico","Ciudad Benito Juárez","Tláhuac","Santa Catarina","Uruapan","Cholula","Nicolás Romero","Zumpango","Coacalco","Nogales","Gómez Palacio","Los Mochis","Pachuca de Soto","Oaxaca","La Paz","Colonia del Valle","Tehuacán","Magdalena Contreras","Puerto Vallarta","Campeche","Buenavista","Ciudad Acuña","San Cristóbal de las Casas","Jiutepec","Monclova","Córdoba","Cabo San Lucas","Ciudad Madero","Ciudad Lázaro Cárdenas","Ciudad del Carmen","Chilpancingo","Zamora de Hidalgo","Poza Rica de Hidalgo","Cuautitlán","San Luis Río Colorado","San Miguel de Allende","Chicoloapan","Chetumal","Chalco","Comitán","Salamanca","Delegación Cuajimalpa de Morelos","Manzanillo","Tuxtepec","Cuautla","San Pablo de las Salinas","San Martin Texmelucan de Labastida","Piedras Negras","Playa del Carmen","Ciudad Delicias","Colima","Fresnillo","San Juan del Río","San José del Cabo","San Pedro Garza García","Zacatecas","Huixquilucan","Ciudad Valles","Orizaba","Miramar","Iguala de la Independencia","Ciudad de Villa de Álvarez","Heroica Guaymas","Navojoa","Minatitlán","Ciudad Guzmán","Yautepec","Texcoco de Mora","Parral","Teziutlan","Tepexpan","Tulancingo","Apatzingán","Rosarito","Colonia Lindavista","Lagos de Moreno","Temixco","Ciudad Río Bravo","Amozoc de Mota","García","Tepatitlán de Morelos","Cárdenas","Heroica Ciudad de Juchitán de Zaragoza","Hacienda Santa Fe","Atlixco","Paraiso","Tecomán","Los Reyes Acaquilpan","Ciudad Mante","Túxpam de Rodríguez Cano","Tlaxcala","Salina Cruz","Heróica Zitácuaro","Ocotlán","La Piedad de Cabadas","Tepeji del Río de Ocampo","Lerdo","Matehuala","Agua Prieta","Kanasín","Cozumel","Silao","Fuentes del Valle","Guamúchil","Guanajuato","El Pueblito","Guasave","San Francisco del Rincón","Santa María Chimalhuacán","Linares","Frontera","Cadereyta Jiménez","Valle de Santiago","Cadereyta","San Mateo Atenco","Santo Domingo Tehuantepec","Montemorelos","Ixtapa-Zihuatanejo","Dolores Hidalgo","Santa Cruz Xoxocotlán","Ramos Arizpe","Tultepec","Tecate","Sahuayo de Morelos","Puerto Peñasco","San Francisco Tesistán","San Andrés Tuxtla","Cortazar","San Salvador Tizatlalli"],"MY":["Kuala Lumpur","Johor Bahru","Kampung Baru Subang","Petaling Jaya","Ipoh","Shah Alam","Subang Jaya","Bukit Rahman Putra","Pelentong","Malacca","Iskandar Puteri","Kota Bharu","Kuantan","Kota Kuala Muda","Sungai Petani","Selayang Baru Utara","Pasir Gudang","Mukim Pulai","Kota Kinabalu","Kampung Larkin Lama","Kota Damansara","Sandakan","Kuala Terengganu","Taman Petaling","Alor Setar","Kampung Kangkar Teberau","Kuching","Puchong","Seremban","Tawau","Setapak","Kluang","Muar","Miri","Kapar","Batu Caves","Klang","Kajang","Teluk Intan","Kampong Baharu Cheras Batu Sebelas","Pasir Mas","Paya Terubong","Sungai Buloh","Bandar Seri Alam","Taiping","Wangsa Maju","Bukit Mertajam","Sepang","Bandar Sunway","Bandar Utama","Bukit Jalil","Rawang","Sibu","Kuala Kubu Baharu","Kulim","Skudai","George Town","Batu Pahat","Sitiawan","Bintulu","Bercham","Setia Alam","Bandar Tasik Puteri","Bandar Bukit Raja","Kampung Pasir Gudang Baru","Kampung Sungai Glugur","Masai","Kampung Sungai Ara","Pasir Puteh","Cheras","Tasek Glugor","Bayan Lepas","Seri Kembangan","Ampang","Titiwangsa","Bukit Bintang","Port Dickson","Maran","Butterworth","Lahad Datu","Kuala Krai","Perling","Ijok","Sentul","Seri Manjung","Bandar Mahkota Cheras","Taman Melawati","Pagoh","Labuan","Pendang","Bandar Kinrara","Kuala Nerus","Semenyih","Marudi","Val Dor","Kampung Manjoi","Kepong","Damansara Damai","Kampung Sungai Kajang","Cukai","Parit Sulung","Cyberjaya","Putatan","Donggongon","Keningau","Ulu Tiram","Taman Senai","Bandar Saujana Utama","Serendah","Segamat","Kampung Baru Balakong","Yan Besar","Tanjong Malim","Johor Jaya","Perai","Taman Senawang Indah","Gelang Patah","Kangar","Kulai","Jelutong","Jitra","Semporna","Kempas","Seremban 2","Parit","Kampong Sidam","Setia Tropika","Putra Heights","Ara Damansara","Bukit Indah","Temerluh","Simpang Renggam","Kampong Dungun","Serian","Simpang Empat","Kuala Selangor","Kampung Bukit Baharu","Hulu Langat","Bandar Labuan","Bukit Tengah","Pandamaran","Kota Tinggi","Bau","Padang Serai","Putrajaya","Sri Petaling","Taman Melati","Kuchai Lama","Bentong Town","Teluk Panglima Garang","Sungai Siput","Niah","Bandar Sri Damansara","Banting","Bedong","Sri Aman","Batu Gajah","Bangi","Taman Permas Jaya","Elmina","Kampung Perak","Bandar Baharu","Sarikei","Durian Tunggal","Mentakab","Rompin","Taman Greenwood","Pontian Besar","Bentung","Nibong Tebal","Raub","Bukit Gambir","Bangsar","Bandar Tun Hussein Onn","Taman Sri Sinar","Kampong Pangkal Kalong","Lumut","Kuala Kangsar","Sipitang","Bandar Country Homes","Kampung Setia","Klebang Besar","Kampung Baharu Nilai","Padang Rengas","Kampung Alor Mengkudu","Limbang","Kampung Ayer Keroh","Taman Tun Dr Ismail","Jawi","Betong","Kamunting","Petagas","Tangkak","Denai Alam","Sibu Jaya","Alam Damai","Bukit Kerinchi","Sungai Lalang","Selama","Dungun"],"NI":["Managua","León","Masaya","Chinandega","Matagalpa","Estelí","Granada","Mateare","Jinotega","El Viejo","Nueva Guinea","Tipitapa","Juigalpa","Ciudad Sandino","Bluefields","Diriamba","Ocotal","Puerto Cabezas","Chichigalpa","Rivas","San Rafael del Sur","Jinotepe","Boaco","Nagarote","Jalapa","La Paz Centro","San Marcos","Masatepe","Nandaime","Rama","Somoto","Corinto","Río Blanco","Camoapa","El Crucero","Siuna","Somotillo"],"NL":["Rotterdam","Amsterdam","The Hague","Utrecht","Groningen","Eindhoven","Tilburg","Breda","Nijmegen","Almere Stad","Haarlem","Arnhem","'s-Hertogenbosch","Enschede","Zaanstad","Amersfoort","Apeldoorn","Hoofddorp","Zwolle","Leeuwarden","Maastricht","Leiden","Dordrecht","Zoetermeer","Venlo","Deventer","Delft","Alkmaar","Heerlen","Amsterdam-Zuidoost","Hilversum","Hengelo","Purmerend","Lelystad","Amstelveen","Roosendaal","Oss","Schiedam","Spijkenisse","Helmond","Vlaardingen","Almelo","Gouda","Zaandam","Alphen aan den Rijn","Hoorn","Assen","Velsen-Zuid","Ede","Bergen op Zoom","Capelle aan den IJssel","Nieuwegein","Veenendaal","Zeist","Den Helder","Hardenberg","Emmen","Oosterhout","Doetinchem","Kerkrade","Kampen","Weert","Woerden","Sittard","Heerhugowaard","Rijswijk","Middelburg","Emmeloord","Zwijndrecht","Waalwijk","Vlissingen","Ridderkerk","Drachten","Soest","Roermond","Heerenveen","Medemblik","Huizen","Tiel","Harderwijk","Maarssen","Heemskerk","Venray","Hoogeveen","Barendrecht","Nijkerk","Voorburg","Beverwijk","Goes","Zutphen","Wageningen","Castricum","Barneveld","Hoogvliet","Gorinchem","Uden","IJsselstein","Epe","Sneek","Geleen","Maassluis","Wijchen","IJmuiden","Papendrecht","Nieuw-Vennep","Oldenzaal","Bussum","Valkenswaard","Meppel","Ypenburg","Bergen","Winterswijk","Boxtel","Brunssum","Leusden","Best","Krimpen aan den IJssel","Delfzijl","Veendam","Groot IJsselmonde","Dronten","Terneuzen","Geldrop","Rijssen","Uithoorn","Culemborg","Dalfsen","Zaltbommel","Zevenaar","Oisterwijk","Leiderdorp","Geldermalsen","Heemstede","Beuningen","Duiven","Dongen","Wassenaar","Veghel","Wierden","Waddinxveen","Ommoord","Vught","Hoensbroek","Baarn","Noordwijk-Binnen","Diemen","Assendelft","Heiloo","Haaksbergen","Borne","Sliedrecht","Steenbergen","Oud-Beijerland","Bilthoven","Schijndel","Nuenen","Putten","Scheveningen","Loon op Zand","Aalsmeer","Goirle","Voorschoten","Losser","Lisse","Borssele","Urk","De Meern","Volendam","Hellevoetsluis","Elburg","Hoogezand","Brummen","Oegstgeest","Hendrik-Ido-Ambacht","Geertruidenberg","Leerdam","Elst","Tubbergen","Tegelen","Berkel en Rodenrijs","Raalte","Katwijk aan Zee","Stadskanaal","Cranendonck","Vianen","Huissen","Tongelre","Leek","Lichtenvoorde","Wisch","Nunspeet","Bodegraven","'s-Gravenzande","Aalten","Zeewolde","Nootdorp","Benthuizen","Groesbeek","Pijnacker","Driebergen-Rijsenburg"],"NO":["Oslo","Bergen","Trondheim","Stavanger","Kristiansand","Drammen","Lillestrøm","Sandnes","Fredrikstad","Sandefjord","Asker","Sarpsborg","Tønsberg","Ålesund","Skien","Moss","Tromsø","Haugesund","Nesttun","Porsgrunn","Bodø","Arendal","Hamar","Lillehammer","Horten","Ytrebygda","Grimstad","Kristiansund","Larvik","Molde","Halden","Harstad","Levanger","Time","Mo i Rana","Tromsdalen","Kongsberg","Gjøvik","Stjørdalshalsen","Alta"],"PA":["Panamá","San Miguelito","Juan Díaz","David","Arraiján","Colón","Las Cumbres","La Chorrera","Pedregal","Tocumen","Santiago de Veraguas","Parque Lefevre","Chilibre","Cativá","Río Abajo","Nuevo Belén","Ancón","Alcalde Díaz","El Chorrillo","Changuinola","La Cabima","La Concepción","Veracruz","Curundú","Penonomé","Sabanitas"],"PE":["Lima","Callao","Arequipa","Trujillo","Chiclayo","Piura","Huancayo","Cusco","Iquitos","Pucallpa","Chimbote","Tacna","Ica","Santiago de Surco","Juliaca","Cajamarca","Huánuco","Miraflores","Santa Anita - Los Ficus","Sullana","Chincha Alta","Ayacucho","San Martin","Puno","Huaraz","San Francisco De Borja","Talara","Tumbes","Chosica","Puerto Maldonado","Breña","San Juan","Ciudad Satelite","Chilca","Selva Alegre","Abancay","Moquegua","Chulucanas","San Isidro","San Fernando","Jesus Maria","Santiago","Huaral","Pisco","Villa Poeta José Gálvez Barrenechea","Wanchaq","Cerro de Pasco","Belen","Catacaos","Paita","Huacho","Ilo","Tingo María","Jaén","Tarma","Moyobamba","Huancavelica","Centenario","Cono Norte","Barranca","Jacobo Hunter","Lambayeque","Picsi","Chepén","Carmen De La Legua Reynoso","Yurimaguas","Saña","Tambopata","Juanjuí","Barranco","La Unión","Ferreñafe","Sicuani","La Oroya","Chocope","Nuevo Imperial","Imperial","Chachapoyas","Tambo Grande","La Rinconada","Pacasmayo","Tocache","Mollendo","Chaupimarca","Paramonga","La Peca","Chancay","Hualmay","Monsefú","Marcavelica","San Vicente de Cañete","Querecotillo","Guadalupe","Santa Ana","Rioja","La Banda","Laredo","Yanacancha","Yauri","Nazca","Sechura","Moche","Santiago de Cao","Huamachuco","Paiján","Jauja","Virú","Huaura","Bagua Grande","El Pedregal","Ayaviri","Huanta","Aguaytía","Santa Rosa","Uchiza","La Breita","Andahuaylas","Mala","Zarumilla","Camaná","San Martín de Pangoa","San Pedro de Lloc","Huarmey","Yunguyo","Chongoyape","Ilave","San Clemente","San Antonio","Pimentel","Satipo","Minas de Marcona","Junín","Pátapo","Bellavista","Coishco"],"PH":["Quezon City","Davao","Caloocan","Manila","Taguig","Budta","Malingao","Zamboanga","Cebu City","Antipolo","Pasig City","Cagayan de Oro","Valenzuela","General Santos","Paranaque City","Las Piñas","Calamba","Makati City","Lapu-Lapu City","Angeles City","Imus","Iloilo","Marikina City","Mandaluyong City","Bacolod City","Mansilingan","Dasmariñas","Mandaluyong","Pasay","Tarlac City","Cotabato","Malabon","San Jose del Monte","Bacoor","San Pedro","Cabanatuan City","Iligan","Mandaue City","Iligan City","Butuan","Cabuyao","San Pablo","Biñan","Santol","Cainta","Baguio","Malolos","Mantampay","Bagong Silang","Marawi City","Tacloban","San Fernando","Libertad","Navotas","Ormoc","Batangas","Magugpo Poblacion","Taytay","Lucena","Meycauayan","NIA Valencia","Puerto Princesa","Olongapo","Binangonan","Santa Rosa","Commonwealth","Lipa City","Panabo","Kabankalan","Toledo","Pagadian","Koronadal","Bago City","Panalanoy","Mabalacat City","Sorsogon","Roxas City","Legaspi","Concepcion","Naga","Dagupan","Tuguegarao","Ilagan","Pandi","Capas","Mariveles","Guyong","Urdaneta","San Jose","La Trinidad","Norzagaray","Gingoog","Candelaria","Baliuag","Angono","Rodriguez","San Mateo","San Juan","Talisay","Muricay","Bulaon","Gapan","Bayambang","Cadiz","Rosario","Pulong Santa Cruz","Bayawan","Santa Cruz","Sultan Kudarat","Hagonoy","Tabuk","Calumpit","Apalit","Plaridel","Silang","Malita","Guiguinto","Manolo Fortich","Midsayap","Himamaylan","Los Baños","Tacurong","Dinaig","Digos","Cavite City","Tayabas","Iriga City","Quezon","Dumaguete","Carmona","Laoag","Pulilan","Bayugan","Maramag","Santiago","Catbalogan","Bagong Silangan","Paniqui","Mati","Tanza","Isulan","Jolo","Calasiao","Bislig","Bocaue","Catarman","Escalante","Monkayo","General Trias","Daanbantayan","Dipolog","Ozamiz City","Banco Filipino Homes","Surallah","Sablayan","Prosperidad","Alabel","Calauan","Polangui","Kalibo (poblacion)","Calabanga","Mangaldan","Bais","Arayat","Surigao","Tagaytay","Dapitan","Maco","Bantayan","Victorias","Tagbilaran City","Muñoz","Tanjay","Binonga","Marilao","Bulacan","Malapatan","Pagbilao","Limay","Lambayong","Bustos","Paco","San Francisco","Kidapawan","Tupi","Bamban","Daet","Bauang","Bagong Barrio","Brookes Point","Virac","Alicia","Sipalay","Don Carlos","Kawit"],"PK":["Lahore","Karachi","Peshawar","Faisalabad","Rawalpindi","Gujranwala","Multan","Hyderabad","Quetta","Bannu","Sargodha","Sialkot","Bahawalpur","Dera Ismail Khan","Muzaffarābād","Battagram","Islamabad","Shekhupura","Gujrat","Sukkur","Sahiwal","Okara","Rahim Yar Khan","Kasur","Dera Ghazi Khan","Tando Allahyar","Wah Cantt","Larkana","Nawabshah","Jhang Sadr","Hafizabad","Chiniot","Mardan","Malir Cantonment","Mingora","Abbottabad","Mirpur Khas","Skardu","Bahawalnagar","Muzaffargarh","Jacobabad","Gilgit","Shikarpur","Dadu","Shahkot","Kamoke","Khairpur Mir’s","Jhelum","Saddiqabad","Burewala","Muridke","Arif Wala","Kohat","Layyah","Tordher","Umarkot","Lodhran","Khanpur","Khuzdar","Manjhand","Gojra","Bhakkar","Narowal","Mandi Bahauddin","Mianwali","Daska Kalan","Pakpattan","Tando Adam","New Mirpur City","Toba Tek Singh","Chishtian","Shahdad Kot","Charsadda","Ghotki","Jaranwala","Badin","Ahmadpur East","Phool Nagar","Tando Muhammad Khan","Vihari","Kamalia","Kot Addu","Khushāb","Wazirabad","Chakwal","Model Town","Swabi","Nowshera Cantonment","Jalalpur Jattan","Chaman","Kandhkot","Hasilpur","Nowshera Kalan","Arifwala","Attock City","Chichawatni","Kharian","Fatehjang","Alahabad","Kambar","Moro","Mian Channun","Turbat","Topi","Bhalwal","Dipalpur","Pano Aqil","Kotri","Harunabad","Gwadar","Pattoki","Rabwah","Kahror Pakka","Gujar Khan","Kot Malik Barkhurdar","Chuhar Kana","Shorkot","Shahdadpur","Minchinabad","Shabqadar","Mansehra","Shujaabad","Haveli Lakha","Lala Musa","Mailsi","Shakargarh","Sibi","Jampur","Sambrial","Sanghar","Hujra Shah Muqim","Kabirwala","Chunian","Jahangira","Sangla Hill","Haripur","Nankana Sahib","Sharifabad","Pasrur","Pabbi","Qabula","Rajanpur","Rohri","Zhob","Matli","Jahanian","Rawalakot","Buni","Hadali","Mirpur Mathelo","Dullewala","Hala","Ratodero","Jatoi Shimali","Kotli","Jauharabad","Bat Khela","Kot Radha Kishan","Kahna Nau","Mustafabad","Chak Thirty-one -Eleven Left","Talagang","Taunsa","Thatta","Sarai Alamgir","Usta Muhammad","Kamra","Amangarh","Basirpur","Sehwan","Washuk","Karachi University Employees Co-operative Housing Society","Naushahra Virkan","Fort Abbas","Havelian","Khairpur","Dinga","Ladhewala Waraich","Khalabat","New Badah","Tank","Kot Mumin","Tandlianwala","Chak Azam Sahu","Loralai","Jalalpur Pirwala","Chak Jhumra","Renala Khurd","Lakki","Dhirkot","Hangu","Risalpur Cantonment","Pir Jo Goth","Kundian","Pir Mahal","Khurarianwala","Mehrabpur","Pindi Bhattian"],"PL":["Warsaw","Kraków","Wrocław","Łódź","Poznań","Gdańsk","Szczecin","Lublin","Bydgoszcz","Białystok","Katowice","Gdynia","Częstochowa","Sosnowiec","Radom","Mokotów","Gliwice","Rzeszów","Toruń","Kielce","Zabrze","Bytom","Praga Południe","Bielsko-Biala","Olsztyn","Ursynów","Ruda Śląska","Rybnik","Wola","Bielany","Tychy","Białołeka","Opole","Elbląg","Płock","Wałbrzych","Targówek","Bemowo","Włocławek","Zielona Góra","Tarnów","Dąbrowa Górnicza","Gorzów Wielkopolski","Chorzów","Kalisz","Koszalin","Legnica","Śródmieście","Słupsk","Jaworzno","Jastrzębie Zdrój","Psie Pole","Praga Północ","Grudziądz","Nowy Sącz","Ochota","Konin","Piotrków Trybunalski","Inowrocław","Lubin","Jelenia Góra","Wawer","Siedlce","Piła","Ostrowiec Świętokrzyski","Siemianowice Śląskie","Ostrów Wielkopolski","Mysłowice","Stargard","Pabianice","Gniezno","Fordon","Suwałki","Tomaszów Mazowiecki","Przemyśl","Stalowa Wola","Zamość","Kędzierzyn-Koźle","Głogów","Wrzeszcz","Leszno","Żory","Bełchatów","Łomża","Tarnowskie Góry","Świdnica","Chełm","Tczew","Piekary Śląskie","Mielec","Racibórz","Będzin","Zgierz","Biała Podlaska","Ełk","Świętochłowice","Pruszków","Ostrołęka","Starachowice","Zawiercie","Żoliborz","Legionowo","Tarnobrzeg","Puławy","Wodzisław Śląski","Skarżysko-Kamienna","Skierniewice","Kutno","Krosno","Dębica","Ursus","Nysa","Starogard Gdański","Wejherowo","Ciechanów","Rumia","Radomsko","Zduńska Wola","Sieradz","Kołobrzeg","Rejon placu Świętego Macieja","Otwock","Bieńczyce","Żyrardów","Świnoujście","Bolesławiec","Nowa Sól","Świdnik","Chrzanów","Knurów","Sanok","Mikołów","Chojnice","Żary","Szczecinek","Sochaczew","Brzeg","Jasło","Olkusz","Kwidzyn","Mińsk Mazowiecki","Oleśnica","Malbork","Wołomin","Piaseczno","Włochy","Kraśnik","Cieszyn","Jarosław","Lębork","Sopot","Czechowice-Dziedzice","Police","Czeladź","Oświęcim","Dzierżoniów","Nowy Targ","Ostróda","Myszków","Zgorzelec","Oława","Iława","Żywiec","Karłowice-Różanka","Pilczyce-Kozanów-Popowice Północne","Ołbin","Łuków","Śrem","Kabaty","Giżycko","Ujeścisko-Łostowice","Łowicz","Augustów","Psie Pole Zawidawie","Turek","Mława","Bielawa","Krotoszyn","Bochnia","Swarzędz","Grzegórzki","Czerwionka-Leszczyny","Września","Gorlice","Gierłoż","Nowy Dwór Mazowiecki","Kętrzyn","Brodnica","Zakopane","Piecki-Migowo","Rejon placu Grunwaldzkiego","Biłgoraj","Grodzisk Mazowiecki","Wyszków","Bielsk Podlaski","Luboń","Szczytno","Kluczbork"],"PR":["San Juan","Bayamón","Carolina","Ponce","Arecibo","Caguas","Guaynabo","Trujillo Alto","Mayagüez","Fajardo","Levittown","Vega Baja","Cataño","Barceloneta","Guayama","Humacao","Yauco","Cayey","Candelaria","Manatí","Aguadilla"],"PT":["Lisbon","Porto","Braga","Amadora","Coimbra","Leiria","Setúbal","Funchal","Viseu","Queluz","Cacém","Aveiro","Vila Nova de Gaia","Faro","Algueirão","Loures","Felgueiras","Rio de Mouro","Odivelas","Évora","Amora","Corroios","Barreiro","Monsanto","Rio Tinto","São Domingos de Rana","Figueira da Foz","Lumiar","Paranhos","Ponte de Lima","Olival","Santo António dos Olivais","Sesimbra","Guimarães","Guarda","Ermesinde","Santo Ovídio","Portimão","Damaia","Cidade Universitária","Benfica","Cascais","Maia","Viana do Castelo","Marvila","Bragança","Oeiras","Beja","Esposende","Afurada de Baixo","Almada","Olivais","Lagos","Castelo Branco","Alcabideche","Bairro Novo","Espinho","Câmara de Lobos","Alvalade","Arrentela","Montijo","Charneca de Caparica","Campanhã","Santarém","Olhão","Aldoar","Póvoa de Varzim","Senhora da Hora","Marinha Grande","Póvoa de Santa Iria","Sequeira","Massamá","Matosinhos","Gondomar","Águas Santas","Vila do Conde","Caldas da Rainha","Alfornelos","São Martinho","Canidelo","Sintra","Paço de Arcos","Santo António","São Mamede de Infesta","Quinta Do Conde","Torres Vedras","Quarteira","Oliveira do Douro","Fânzeres","Estoril","Carnaxide","Porto de Mós","Pinhal Novo","Monte Estoril","Caniço","Sete Rios","Pontinha","São Jorge de Arroios","Bomfim","Arcos de Valdevez","Moscavide e Portela","Parque das Nações","Portalegre","Valadares","Lordelo do Ouro","Campo De Ourique","São João da Madeira","Lavradio","Bougado","Azambuja","Valongo","Vilar","Caparica","Areeiro","Arouca","Belas","Laranjeiro","Linda-a-Velha","Falagueira","Trofa","Baião","Carcavelos","Alcântara","Camarate","Ponta Delgada","Entroncamento","Paredes","Monção","Piedade","Custoias","Algés","Tomar","Barcelos","São Tiago de Custoias","Pedroso","Vilar de Andorinho","São João da Talha","Azeitão","Santa Iria da Azóia","Ovar","Vila Franca de Xira","Carnide","Leça da Palmeira","Loulé","Moita","Sacavém","Covilhã","Ramada","Chaves","Pombal","Quelfes","Ílhavo","Parede","São Paulo de Frades","Eiras","Condeixa-a-Nova","Alfragide","São Pedro da Cova","Vila Real","Palmela","Fafe","Cabeceiras de Basto","Belém","Feira","Leça do Bailio","Vialonga","Buraca","Albufeira","Baguim do Monte","Alcobaça","Vermoim","Peniche","Campo Grande","São Martinho do Bispo","Ribeira de Frades","Alfena","Tavira","Torres Novas"],"PY":["Asunción","Ciudad del Este","San Lorenzo","Capiatá","Lambaré","Fernando de la Mora","Limpio","Nemby","Pedro Juan Caballero","Encarnación","Mariano Roque Alonso","Itauguá","Villa Elisa","Villa Hayes","Caacupé","San Antonio","Caaguazú","Presidente Franco","Coronel Oviedo","Concepción","Villarrica","Pilar","Yby Yaú","Caazapá","Filadelfia","Itá","San Juan Bautista"],"RO":["Bucharest","Sector 3","Iaşi","Sector 6","Constanţa","Sector 2","Sector 4","Cluj-Napoca","Sector 5","Braşov","Timişoara","Craiova","Sector 1","Galaţi","Târgu Mureş","Oradea","Ploieşti","Arad","Brăila","Piteşti","Bacău","Sibiu","Satu Mare","Baia Mare","Buzău","Piatra Neamţ","Râmnicu Vâlcea","Botoşani","Suceava","Reşiţa","Drobeta-Turnu Severin","Bistriţa","Târgu Jiu","Hunedoara","Roman","Bârlad","Deva","Târgovişte","Focșani","Tulcea","Alba Iulia","Slatina","Vaslui","Giurgiu","Mediaş","Zalău","Sfântu Gheorghe","Paşcani","Petroşani","Turda","Medgidia","Lugoj","Câmpina","Slobozia","Tecuci","Sighetu Marmaţiei","Alexandria","Mangalia","Râmnicu Sărat","Dej","Odorheiu Secuiesc","Reghin-Sat","Sighișoara","Miercurea-Ciuc","Caracal","Năvodari","Feteşti","Curtea de Argeş","Dorohoi","Făgăraș","Lupeni","Voluntari","Săcele","Fălticeni","Huşi","Mioveni","Turnu Măgurele","Târnăveni","Aiud","Caransebeş","Roșiorii de Vede","Sebeş","Borşa","Câmpia Turzii","Petrila","Zărnești","Cugir","Moineşti","Rădăuți","Fetești-Gară","Gherla","Comăneşti","Olteniţa","Motru","Carei","Orăştie","Buftea","Drăgăşani","Balş","Moreni","Codlea","Târgu Neamţ","Blaj","Târgu Secuiesc","Corabia","Băicoi","Gheorgheni","Vulcan","Câmpulung Moldovenesc","Băileşti","Filiaşi","Calafat","Cernavodă","Buhuşi","Breaza","Salonta","Luduş","Urziceni","Baia Sprie","Bocşa","Pantelimon","Vatra Dornei","Brad","Gura Humorului","Şimleu Silvaniei","Mizil","Vişeu de Sus","Ocna Mureş","Popeşti-Leordeni","Râşnov","Zimnicea","Adjud","Cisnădie","Găeşti"],"SA":["Jeddah","Riyadh","Makkah","Madinah","Dammam","Sulţānah","Buraydah","Ta’if","Tabuk","Ha'il","Najrān","Al Kharj","Khamis Mushait","Al Hufūf","Al Mubarraz","Hafar Al-Batin","Thuqbah","Al Jubayl","Abha","Yanbu","Unaizah","Khobar","Arar","Sakakah","Az Zulfī","Jizan","Qurayyat","Sabt Alalayah","Dhahran","Al Qaţīf","Al Bahah","Tārūt","Qal‘at Bīshah","Ar Rass","Bariq","Rābigh","Ash Shafā","Al Līth","Sayhāt","Ţurayf","Ad Dir‘īyah","Al Khafjī","Ad Dawādimī","Şabyā","Abū ‘Arīsh","Al Badā’i‘ al Wusţá","Şafwá","Afif","Al Bukayrīyah","‘Irqah","Raḩīmah","Turaif","Ţubarjal","Taymā’","Ad Dilam","Umluj","Al Mithnab","Al-`Ula","Shaqra","Fayfā’","Laylá","Abqaiq","Turubah","Badr Ḩunayn","Thuwal","Şāmitah","Al Wajh","Al ‘Awwāmīyah","Ḩaql","Riyāḑ al Khabrā’","Rumāḩ","An Nimas","As Sulayyil","Turabah","Al Jumūm","Duba","Aţ Ţaraf","Qaisumah","Mahd adh Dhahab","Khulayş","‘Inak","Sarāt ‘Abīdah","Baq‘ā’","Al ‘Aqīq","Al Khabrā’","Al Baţţālīyah","Al Munayzilah","‘Uyūn al Jiwā’"],"SE":["Stockholm","Göteborg","Malmö","Uppsala","Linköping","Örebro","Sollentuna","Umeå","Västerås","Södermalm","Jönköping","Helsingborg","Norrköping","Huddinge","Lund","Luleå","Haninge","Gävle","Bromma","Borås","Växjö","Södertälje","Halmstad","Kungsholmen","Eskilstuna","Solna","Karlskrona","Karlstad","Mölndal","Vasastaden","Täby","Sundsvall","Östersund","Trollhättan","Lidingö","Borlänge","Tumba","Kristianstad","Nyköping","Kalmar","Falun","Skövde","Upplands Väsby","Östermalm","Skellefteå","Uddevalla","Sundbyberg","Varberg","Åkersberga","Örnsköldsvik","Danderyd","Landskrona","Vallentuna","Motala","Trelleborg","Majorna","Partille","Karlskoga","Märsta","Lerum","Alingsås","Nacka","Härnösand","Sandviken","Kungälv","Falkenberg","Boo","Jakobsberg","Visby","Katrineholm","Ängelholm","Vänersborg","Björlanda","Piteå","Lidköping","Enköping","Huskvarna","Västervik","Gustavsberg","Karlshamn","Norrtälje","Rinkeby","Hässleholm","Värnamo","Hässelby Villastad","Ystad","Kungsbacka","Eslöv","Kristinehamn","Köping","Oskarshamn","Gamla Uppsala","Nässjö","Mölnlycke","Falköping","Tensta","Kiruna","Råsunda","Boden","Årsta","Kumla","Mariestad","Hudiksvall","Tullinge","Västra Frölunda","Ljungby","Staffanstorp","Ludvika","Kinna"],"SG":["Singapore","Ulu Bedok","Bedok New Town","Tampines Estate","Jurong Town","Tampines New Town","Jurong West","Woodlands","Sengkang New Town","Hougang New Town","Yishun New Town","Punggol","Choa Chu Kang New Town","Ang Mo Kio New Town","Bukit Batok New Town","Bukit Merah Estate","Kampong Pasir Ris","Bukit Panjang New Town","Kembangan","Toa Payoh New Town","Serangoon","Serangoon New Town","Geylang","Sembawang Estate","Kallang","Queenstown Estate","Clementi Housing Estate","Bishan New Town","Jurong East","Bukit Timah","Pasir Ris New Town","Matilda Estate","Novena","Marine Parade","Yew Tee","Simei New Town","Keat Hong Village","Kaki Bukit Estate","Serangoon Garden","Peng Siang","Kangkar","Jelebu","Eunos","Thomson","MacPherson","Yio Chu Kang","Fajar","Hong Kah","Saujana","Teck Whye","Margaret Drive","Senja","Anak Bukit","Marsiling","Tanglin","Bangkit","Sungai Simpang","Brickworks Estate","Telok Blangah","Boon Lay","Outram Park","Paya Lebar","Loyang","Kampong Loyang","Tiong Bahru Estate"],"SR":["Paramaribo","Blauwgrond","Rainville","Flora","Welgelegen","Lelydorp","Munder Buiten","Beekhuizen","Tammenga"],"SV":["San Salvador","Soyapango","San Miguel","Santa Ana","Mejicanos","Santa Tecla","Apopa","Delgado","Sonsonate","San Marcos","Usulután","Cojutepeque","Cuscatancingo","San Vicente","Zacatecoluca","San Martín","Ilopango","Ahuachapán","Antiguo Cuscatlán","Chalchuapa","Quezaltepeque","La Unión","Ayutuxtepeque","Acajutla","Aguilares","Sensuntepeque","Chalatenango","Izalco","Metapán","San Rafael Oriente","Puerto El Triunfo","La Libertad","San Francisco","Sonzacate","Santiago de María"],"TH":["Bangkok","Samut Prakan","Mueang Nonthaburi","Chon Buri","Phra Pradaeng","Bang Khae","Hat Yai","Pak Kret","Sai Mai","Si Racha","Latkrabang","Watthana","Khlong Sam Wa","Bang Khun Thian","Lat Krabang","Chatuchak","Ban Khlong Prawet","Chom Thong","Nong Chok","Lampang","Nong Khaem","Bang Kapi","Bueng Kum","Surat Thani","Udon Thani","Din Daeng","Chiang Mai","Nakhon Ratchasima","Hua Hin","Bang Sue","Ban Samae Dam","Ubon Ratchathani","Lat Phrao","Phasi Charoen","Ban I Chang","Thon Buri","Khlong Luang","Nakhon Pathom","Bangkok Noi","Thung Khru","Pattaya","Suan Luang","Wang Thonglang","Khon Kaen","Lak Si","Khlong Toei","Dusit","Rayong","Taling Chan","Bang Bon","Nakhon Si Thammarat","Chanthaburi","Bang Rak","Tha Raeng","Bang Na","Anusawari","Yala","Ratchaburi","Bang Phlat","Phra Khanong","Saphan Sung","Khan Na Yao","Ban Mai","Rat Burana","Sathon","Nakhon Sawan","Yan Nawa","Sathorn","Bang Sue subdistrict","Phuket","Chiang Rai","Bang Kruai","Huai Khwang","Khlong Chan","Thawi Watthana","Sakon Nakhon","Khlong San","Ratchathewi","Krathum Baen","Bangkok Yai","Ban Ko Sire","Phaya Thai","Khlong Kum","Huamak","Saraburi","Trang","Sattahip","Kanchanaburi","Nong Khai","Samut Sakhon","Phitsanulok","Songkhla","Ban Tha Kham","Ban Lam Luk Ka","Bang Khae Nuea","Kamphaeng Phet","Chaiyaphum","Uttaradit","Lop Buri","Ban Pong","Phra Phutthabat","Chumphon","Klaeng","Kalasin","Suphan Buri","Pathum Wan","Wat Tha Phra","Tha Maka","Ban Talat Yai","Ban Lak Song","Maha Sarakham","Phra Nakhon","Pom Prap Sattru Phai","Phra Nakhon Si Ayutthaya","Phetchabun","Ko Samui","Chachoengsao","Cha-am","Pak Chong","Chong Nonsi","Bangkok Riverside","Narathiwat","Pran Buri","Surin","Phetchaburi","Chum Phae","Sadao","Si Sa Ket","Mae Sot","Pattani","Phatthalung","Lamphun","Warin Chamrap","Wong Sawang","Su-ngai Kolok","Tha Yang","Ban Phaeo","Bang Bua Thong","Lat Yao","Nong Khae","Mukdahan","Bang Phai","Ban Na","Bang Lamung","Roi Et","Wichian Buri","Khwaeng Bang Khae","Wichit","Phrae","Khetsamsenok","Chan Kasem","Mae Chan","Sam Phran","Sukhothai","Kantharalak","Photharam","Ban Ang Sila","Bang Khlo","Phichit","Det Udom","Ban Phai","Tha Bo","Loei","Samut Songkhram","Kathu","Amnat Charoen","Nakhon Phanom","Satun","Nong Bua Lamphu","Ban Ratsada","Prachuap Khiri Khan","Chomphon","San Kamphaeng","Prachin Buri","Ban Khlong Bang Phran","Bang Khun Si","Krabi","Ban Khlong Bang Sao Thong","Yaring","Na Klang","Ban Aranyik","Sam Sen Nai","Kaeng Khoi","Betong","Bang Phae","Ban Phan Don","Ban Chang Lo","Kaeng Khro","Amphoe Sikhiu","Sa Kaeo","Bang Bo District","Buri Ram","Thung Song","Ban Chang","Ban Bang Kadi","Nong Phai","Mae Sai","Chorakhe Bua","Tha Muang","Ron Phibun"],"TR":["Istanbul","Ankara","Bursa","İzmir","Gaziantep","Adana","Diyarbakır","Kayseri","Konya","Antalya","Malatya","Çankaya","Eskişehir","Erzurum","Bağcılar","Bahçelievler","Umraniye","Mersin","Van","Üsküdar","Esenler","Karabağlar","Batman","Muratpaşa","Şanlıurfa","Elazığ","Sultangazi","Maltepe","Samsun","Kahramanmaraş","Uşak","Alanya","Ataşehir","Tarsus","Şişli","Denizli","Batikent","Zeytinburnu","Adapazarı","Sultanbeyli","Gebze","Merkezefendi","Çorum","Adıyaman","Sivas","Afyonkarahisar","İskenderun","Aksaray","Trabzon","Manisa","Sancaktepe","Balıkesir","Ordu","Esenyurt","Antakya","Osmaniye","Çorlu","Arnavutköy","İzmit","Düzce","Başakşehir","Kırıkkale","Kütahya","Bolu","Edirne","Karaman","Siverek","Isparta","Gölbaşı","Büyükçekmece","Aydın","Viranşehir","Erzincan","Kırşehir","Kızıltepe","Çanakkale","İnegol","Mardin","Tokat","Bingöl","Giresun","Kastamonu","Derince","Karabük","Samandağ","Beylikdüzü","Tekirdağ","Ağrı","Rize","Nazilli","Salihli","Amasya","Siirt","Kilis","Turhal","Arsuz","Bandırma","Turgutlu","Zonguldak","Iğdır","Mustafakemalpaşa","Suruç","Manavgat","Ceyhan","Burdur","Polatlı","Bafra","Muğla","Ereğli","Erciş","Kars","Niğde","Lüleburgaz","Körfez","Çankırı","Nusaybin","Kozan","Yozgat","Patnos","Akhisar","Akçapınar","Çerkezköy","Muş","Nizip","Fatsa","Bartın","Cizre","Elbistan","Hakkâri","Ünye","Midyat","Nevşehir","Silifke","Silopi","Bismil","Bilecik","Belek","Tatvan","Kâhta","Yüksekova","Yalova","Gemlik","Kadirli","Doğubayazıt","Ayvalık","Söke","Ardeşen","Şırnak","Ödemiş","Silvan","Soma","Ahlat","Akşehir","Kuşadası","Sorgun","Çubuk","Kırıkhan","Fethiye","Kırklareli","Bergama","Anamur","Reyhanlı","Dörtyol","Gölcük","Bolvadin","Zile","Eminönü","Bozüyük","Menemen","Silivri","Bitlis","Adilcevaz","Ergani","Erbaa","Tavşanlı","Orhangazi","Seydişehir","Merzifon","Kavaklı","Çarşamba","Torbalı","Merter Keresteciler","güngören merter","Niksar","Keskin","Karapınar","Mut","Alaşehir","Bayburt","Suluova","Şebin Karahisar","Tire","Kulu","Erdemli","Çumra","Kireçocağı","Urla","Akçaabat","Aliağa"],"TT":["Chaguanas","Mon Repos","San Fernando","Port of Spain","Rio Claro","Arima","Marabella","Diego Martin","Laventille","Point Fortin","Tunapuna","Scarborough","Sangre Grande","Paradise"],"US":["New York City","Los Angeles","Brooklyn","Chicago","Queens","Houston","Phoenix","Philadelphia","San Antonio","Manhattan","San Diego","The Bronx","Dallas","Jacksonville","Fort Worth","San Jose","Austin","Columbus","Charlotte","Indianapolis","San Francisco","Seattle","Denver","Washington","Nashville","Oklahoma City","El Paso","Boston","Portland","Detroit","Las Vegas","New South Memphis","Memphis","Louisville","Baltimore","South Boston","Albuquerque","Milwaukee","Tucson","Fresno","Sacramento","Atlanta","Miami","Omaha","Raleigh","Kansas City","Long Beach","Mesa","Staten Island","Colorado Springs","Virginia Beach","Oakland","Tampa","Tulsa","Minneapolis","Wichita","Arlington","Bakersfield","Cleveland","New Orleans","Aurora","Honolulu","Anaheim","West Raleigh","Orlando","Lexington","Riverside","Corpus Christi","Lexington-Fayette","Cincinnati","Santa Ana","Stockton","Pittsburgh","Saint Paul","Lincoln","Anchorage","Meads","Henderson","Greensboro","Plano","Newark","Madison","St. Louis","Chula Vista","Toledo","Jersey City","Reno","Chandler","Fort Wayne","Buffalo","Durham","St. Petersburg","Irvine","Laredo","Lubbock","Gilbert","Tri-Cities","Winston-Salem","Glendale","Norfolk","Hialeah","Garland","Scottsdale","Irving","Boise","Chesapeake","North Las Vegas","Fremont","Spokane","Baton Rouge","Upper West Side","Richmond","Paradise","Tacoma","Jamaica","San Bernardino","Salt Lake City","Huntsville","Des Moines","Fontana","Modesto","Rochester","Maryvale","Oxnard","Worcester","Moreno Valley","Little Rock","Fayetteville","Huntington Beach","Tallahassee","Yonkers","Cypress","Amarillo","Akron","Vancouver","Birmingham","Montgomery","Grand Rapids","Peoria","Providence","Knoxville","Sunrise Manor","Grand Prairie","Shreveport","Brownsville","Overland Park","Newport News","Mobile","Fort Lauderdale","Santa Clarita","Chattanooga","East Flatbush","Spring Valley","Santa Rosa","Eugene","Tempe","Oceanside","Salem","Garden Grove","Rancho Cucamonga","Cape Coral","East New York","Sioux Falls","Ontario","Fort Collins","Springfield","Hollywood","Elk Grove","Clarksville","Pembroke Pines","Deer Valley","Murfreesboro","Port Saint Lucie","Corona","McKinney","Lancaster","Cary","Alexandria","Tempe Junction","Palmdale","Hayward","Salinas","Sunnyvale","Frisco","East Chattanooga","Pasadena","Jackson","Pomona","Washington Heights","Lakewood","Escondido","Astoria","Borough Park"],"UY":["Montevideo","Salto","Paysandú","Las Piedras","Rivera","Maldonado","Tacuarembó","Melo","Mercedes","Artigas","Minas","San José de Mayo","Durazno","Florida","Barros Blancos","San Carlos","Treinta y Tres","Rocha","Pando","Fray Bentos","Colonia del Sacramento","Trinidad","La Paz","Canelones","Carmelo","Delta del Tigre","Dolores","Young","Santa Lucía","Progreso","Paso de Carrasco"],"VE":["Caracas","Maracaibo","Valencia","Barquisimeto","Ciudad Guayana","Barcelona","Maturín","Maracay","Ciudad Bolívar","Cumaná","Barinas","Puerto La Cruz","Petare","Cabimas","Turmero","Mérida","San Cristóbal","Alto Barinas","Santa Teresa del Tuy","Los Teques","Guarenas","Coro","Valera","Baruta","Ciudad Ojeda","San Fernando de Apure","Guatire","El Tigre","Porlamar","San Felipe","Guacara","Acarigua","Cúa","Araure","Lander","Puerto Cabello","Calabozo","Carúpano","Ocumare del Tuy","El Vigía","San Juan de los Morros","Valle de La Pascua","El Limón","Punto Fijo","Anaco","Táriba","Machiques","Charallave","Palo Negro","La Victoria","San Carlos del Zulia","Puerto Ayacucho","Carora","Ejido","La Concepción","San Carlos","Cagua","Mariara","Tinaquillo","Punta Cardón","Yaritagua","Upata","Guanare","Catia La Mar","Cabudare","Los Puertos de Altagracia","Los Rastrojos","Tucupita","Villa de Cura","Rubio","Concepción","San Juan Bautista","San José de Guanipa","La Villa del Rosario","San Timoteo","Güigüe","El Cafetal","Biruaca","El Tocuyo","Zaraza","Socopó","Trujillo","Chivacoa","San Joaquín","Santa Cruz de Mara","Tacarigua","Boconó","Cantaura","Altagracia de Orituco","Morón","Caicara del Orinoco","San Antonio del Táchira","Pampatar","Chacao","Guasdualito","San Antonio de Los Altos","Colón","La Fría","Punta de Mata","Mene Grande","Pampán","Los Dos Caminos","El Hatillo","La Dolorita","Ureña","San Rafael","Villa Bruzual","San Josecito","Nirgua","Cocorote","Maiquetía","Caucagüito","Ciudad Bolivia","Ciudad Piar","Barinitas","Quíbor","San Mateo","Tovar","Palmira","Lecherías","Santa Bárbara","Achaguas","Lagunillas","Píritu","Caripito","Las Tejerías","Tucupido","Pueblo Nuevo El Chivo","Cariaco","Higuerote","Pariaguán","Carrizal","Capacho Nuevo","Güiria","Duaca","Sabaneta","Tinaco","Caraballeda","Puerto Píritu","Tumeremo","La Grita","Guanarito","Temblador","Sanare","Pampanito","Aroa","Santa Ana","La Asunción","Sabana de Mendoza","La Guardia","La Vela de Coro","Bejuma","Tucacas","Caja Seca","Aragua de Barcelona","Ospino","Miranda","Punta de Piedras","Santa Rita","El Sombrero","Caucagua","Puerto Cumarebo","Mamporal","Santa Elena de Uairén","Soledad","Montalbán","Juan Griego","Dabajuro","Guasipati","Elorza","Urachiche","Encontrados","Cumanacoa","Motatán","Coloncito","La Guaira","Santa Cruz de los Taques","Casigua El Cubo","Guama","Barrancas","Sabana de Parra","Tucaní","Tía Juana","Araya","Caicara","Tabay","Judibana","Río Chico","San José de Barlovento","Boraure","Clarines","Santa Cruz de Mora","Camaguán","Casanay","Michelena","Las Vegas","Bailadores","Timotes","Nueva Bolivia"],"VN":["Ho Chi Minh City","Hanoi","Haiphong","Cần Thơ","Huế","Da Nang","Biên Hòa","Thanh Hóa","Vinh","Thuận An","Nha Trang","Chợ Lớn","Bình Thạnh","Thủ Đức","Qui Nhon","Vũng Tàu","Dĩ An","Rạch Giá","Bắc Giang","Nam Định","Buôn Ma Thuột","Thái Nguyên","Việt Trì","Quận Mười","Thủ Dầu Một","Đống Đa","Bến Cát","Long Bien","Bắc Từ Liêm","Quận Mười Một","Gia Lâm","An Nhơn","Hai Bà Trưng","Nghi Sơn","Phu Quoc","Thanh Xuân","Cầu Giấy","Bắc Ninh","Phú Mỹ","Long Xuyên","Ba Vì","Quảng Ngãi","Quận Sáu","Mỹ Tho","Hạ Long","Ðà Lạt","Xuân Lộc","Thị Trấn Đông Triều","Hải Dương","Thành Phố Bà Rịa","Sơn Tây","Ninh Hòa","Phan Thiết","Điện Bàn","Cà Mau","Ba Dinh","Sóc Trăng","Chí Linh","Quận Ba","Tân An","Sa Dec","Cao Lãnh","Phan Rang-Tháp Chàm","Việt Yên","Kon Tum","Thanh Khê","Lạng Sơn","Thuận Thanh","Quận Bốn","Cẩm Phả","Quận Năm","Vĩnh Châu","Phúc Yên","Phú Quốc","Tân Châu","Long Khánh","Bảo Lộc","Tây Hồ","Đồng Xoài","Tam Kỳ","Ðông Hà","Trảng Bàng","Đưc Trọng","La Gi","Thành phố Trà Vinh","Thốt Nốt","Bạc Liêu","Tuy Hòa","Đức Phổ","Cần Giuộc","Kỳ Anh","Hòa Thành","Cam Ranh","Giá Rai","Huyện Lâm Hà","Tịnh Biên","Cai Lậy","Vĩnh Long","Phủ Lý","Hoàn Kiếm","Cẩm Phả Mines","Tây Ninh","Đồng Hới","Quận Đức Thịnh","Hải Châu","Lào Cai","Sầm Sơn","Ô Môn","Thành phố Sông Công","Buôn Hồ","Chũ","Bến Tre","Chơn Thành","Bồ Đề","Hòa Cường","Vĩnh Yên","Bắc Quang","Hưng Yên","Nghi Xuân","Cờ Đỏ","Mỹ Hào","Phong Điền","Pleiku","Bình Thủy","Hoàng Mai","Gò Vấp","Thới Lai","Móng Cái","Yên Vinh","Ba Đồn","Sơn La","Hòa Bình","Tuyên Quang","Ngã Bảy","Hồng Ngự","Yên Bái","Hà Tiên","Vĩnh Thạnh","Gò Công","Nghĩa Đô","Hương Thủy","Bình Minh","Sông Cầu","Phú Thọ","Bạch Mai","Tân Bình","Thượng Cát","Sơn Trà","Vĩnh Tuy","Cái Răng","Sóc Sơn","Gia Nghĩa","Dien Bien Phu","Cam Lộ","An Hải","An Khê","Cung Kiệm","Cẩm Lệ","Yên Hòa","Thanh Liệt","Củ Chi","Cao Bằng","Hương Trà","Cổ Đô","Châu Đốc","Quận Đức Thành","Linh Đàm","Duyên Hải","Núi Thành","Nghĩa Lộ","Thái Hòa","Thành Phố Uông Bí","Long Mỹ","Vinhomes Ocean Park","Dại Mỗ","Ngã Năm","Trảng Bom","Châu Phong","Trần Văn Thời","Hà Giang","Cần Giờ","Xóm Cái Nước","Phong Thạnh","Bỉm Sơn","Thái Bình","Uyen Hung","Cửa Nam","Đố Sơn","Hà Đông","Cần Đước","Mui Ne","Vinhomes Smart City","Vinhomes Times City","Thị Trấn Ngải Giao","Phú Khương","Tây Mỗ","Bắc Kạn","Lai Châu"]}